,type,Province,Year,Schools,Classes,TeachStaff_Total,TeachStaff_Female,NonTeachStaff_Total,NonTeachStaff_Female,Grade_1_Enrollment_Total,Grade_1_Enrollment_Girl,Grade_1_Repeaters_Total,Grade_1_Repeaters_Girl,Grade_2_Enrollment_Total,Grade_2_Enrollment_Girl,Grade_2_Repeaters_Total,Grade_2_Repeaters_Girl,Grade_3_Enrollment_Total,Grade_3_Enrollment_Girl,Grade_3_Repeaters_Total,Grade_3_Repeaters_Girl,Grade_4_Enrollment_Total,Grade_4_Enrollment_Girl,Grade_4_Repeaters_Total,Grade_4_Repeaters_Girl,Grade_5_Enrollment_Total,Grade_5_Enrollment_Girl,Grade_5_Repeaters_Total,Grade_5_Repeaters_Girl,Grade_6_Enrollment_Total,Grade_6_Enrollment_Girl,Grade_6_Repeaters_Total,Grade_6_Repeaters_Girl,Grade_7_Enrollment_Total,Grade_7_Enrollment_Girl,Grade_7_Repeaters_Total,Grade_7_Repeaters_Girl,Grade_8_Enrollment_Total,Grade_8_Enrollment_Girl,Grade_8_Repeaters_Total,Grade_8_Repeaters_Girl,Grade_9_Enrollment_Total,Grade_9_Enrollment_Girl,Grade_9_Repeaters_Total,Grade_9_Repeaters_Girl,Grade_10_Enrollment_Total,Grade_10_Enrollment_Girl,Grade_10_Repeaters_Total,Grade_10_Repeaters_Girl,Grade_11_Enrollment_Total,Grade_11_Enrollment_Girl,Grade_11_Repeaters_Total,Grade_11_Repeaters_Girl,Grade_12_Enrollment_Total,Grade_12_Enrollment_Girl,Grade_12_Repeaters_Total,Grade_12_Repeaters_Girl,Total_Enrollment_Total,Total_Enrollment_Girl,Total_Repeaters_Total,Total_Repeaters_Girl,T_Primary,T_LSec,T_USec,T_Graduate,T_PostGrad,T_PhD,Grade_1_Dropout,Grade_2_Dropout,Grade_3_Dropout,Grade_4_Dropout,Grade_5_Dropout,Grade_6_Dropout,Grade_7_Dropout,Grade_8_Dropout,Grade_9_Dropout,Grade_10_Dropout,Grade_11_Dropout,Grade_12_Dropout
0,public,Banteay Meanchey,2018,818,4598,4782,2440,888,210,18465,8748,1074,412,17049,8062,817,256,16656,7974,576,211,16637,7984,400,131,14577,7185,229,80,13516,6902,164,46,10773,5671,236,55,8656,4605,135,31,7348,3969,195,57,4956,2818,30,8,4061,2188,24,10,3272,1781,171,74,135966,67887,4051,1371,49,779,2697,1188,51,0,3.3,3.7,2.0,6.4,3.4,6.4,17.3,14.0,18.4,13.8,9.6,39.7
1,public,Battambang,2018,1133,7494,6946,4165,1811,672,34641,16139,4037,1512,31386,14626,2462,852,29023,13746,1708,607,27697,13171,1124,383,25906,12794,673,224,23060,11620,498,163,18079,9334,575,163,13659,7482,301,90,11634,6218,458,177,8003,4458,88,31,6338,3554,72,28,5290,3077,248,132,234716,116219,12244,4362,79,1132,3450,2146,145,5,4.5,3.6,5.7,5.2,6.3,8.6,19.9,16.5,17.0,16.4,11.3,29.3
2,public,Kampong Cham,2018,804,5846,5835,3390,1695,659,27237,12570,3946,1498,25534,11826,2868,1055,24421,11297,2210,773,23122,11100,1715,579,21483,10654,1221,435,19640,9948,747,266,16675,8572,546,200,13596,7492,370,98,11868,6497,377,119,9011,5093,175,54,7188,4100,40,9,6228,3458,329,149,206003,102607,14544,5235,127,1713,3043,914,38,0,4.2,4.7,4.6,4.6,4.4,4.9,16.6,15.2,17.2,18.1,9.5,38.1
3,public,Kampong Chhnang,2018,466,3220,3498,1682,700,188,13264,6211,1395,502,12580,5995,1002,307,12692,6023,838,283,12748,6269,566,187,11976,5980,318,99,11014,5643,213,59,9456,4920,226,57,8017,4285,124,31,6923,3854,159,45,5024,2800,39,11,4075,2292,21,7,3461,1917,179,88,111230,56189,5080,1676,19,595,1912,932,40,0,1.4,2.0,2.2,3.0,2.7,4.0,14.1,15.1,15.7,17.3,10.2,34.6
4,public,Kampong Speu,2018,603,4162,4471,1957,742,129,19320,9030,1679,647,18429,8671,1210,440,18766,8879,915,322,19278,9461,615,222,18015,8938,430,187,17066,8617,497,182,13442,6760,181,44,11290,5972,83,15,9302,4773,217,65,6336,3227,19,2,4967,2559,9,0,4125,2092,76,31,160336,78979,5931,2157,53,921,2174,1276,47,0,2.0,1.2,2.8,3.5,4.9,3.5,19.2,18.6,22.7,20.3,10.4,13.7
5,public,Kampong Thom,2018,782,4593,4435,2429,731,179,20195,9510,2600,1052,17887,8373,1713,629,17260,8287,1307,475,16184,7946,805,270,15067,7666,556,193,13972,7157,352,125,12478,6801,428,150,9677,5261,133,41,8348,4592,254,91,6047,3347,37,9,4964,2801,30,9,3952,2189,87,43,146031,73930,8302,3087,63,669,2396,1232,75,0,4.6,3.7,5.9,6.1,6.4,5.3,17.6,13.0,12.9,12.8,6.0,23.9
6,public,Kampot,2018,608,3699,4747,2325,938,189,14257,6505,1212,415,13208,6179,681,229,13185,6234,599,206,12943,6191,366,122,12796,6193,271,96,12146,6077,202,58,10412,5223,262,63,9516,4933,133,31,8312,4280,307,76,6241,3226,71,19,5176,2694,34,9,4546,2311,91,42,122738,60046,4229,1366,101,828,2642,1125,51,0,2.2,2.3,4.4,3.0,5.7,5.7,17.3,17.2,17.1,17.8,9.0,20.5
7,public,Kandal,2018,748,6547,7246,4002,1482,412,29530,13885,3777,1413,27462,12497,2796,963,27160,12455,2310,830,27162,12834,1774,639,25747,12471,1208,437,22627,11131,777,227,19165,9614,634,160,15755,8302,293,112,13575,7309,355,98,10959,6109,118,34,8999,4998,59,22,7454,4063,422,185,235595,115668,14523,5120,130,1438,3424,2111,143,0,1.0,1.7,3.3,2.9,4.4,3.5,15.4,13.7,15.5,12.9,6.4,27.4
8,public,Kep,2018,50,272,455,239,92,15,1041,510,94,41,921,428,49,13,878,437,47,20,859,450,34,15,728,364,17,4,677,334,22,7,620,310,29,9,505,252,5,3,481,231,17,5,368,195,7,2,377,197,1,0,325,180,2,1,7780,3888,324,120,0,21,273,158,3,0,,,0.9,6.5,7.8,10.8,22.2,20.6,17.9,9.5,8.5,4.7
9,public,Koh Kong,2018,218,1113,1074,484,164,45,3272,1546,258,98,3080,1424,160,57,2734,1299,109,44,2679,1292,51,20,2519,1246,31,10,2405,1199,18,9,2013,1041,17,8,1645,840,15,4,1478,729,56,15,1101,509,5,0,824,367,1,0,685,343,16,9,24435,11835,737,274,12,141,753,150,1,0,7.7,8.6,6.4,8.1,0.0,6.7,14.5,11.8,20.2,14.4,4.4,70.5
10,public,Kratie,2018,418,2736,2550,1585,367,122,13865,6541,1820,703,12258,5633,1162,452,11030,5236,847,314,10141,5088,592,211,8662,4374,380,141,7367,3765,211,75,5389,2842,132,43,4141,2271,37,8,3387,1779,88,30,2324,1290,22,7,2047,1126,11,5,1668,845,76,32,82279,40790,5378,2021,74,657,1606,233,3,0,5.4,5.9,7.9,8.6,9.7,12.3,22.3,19.3,21.2,13.7,8.5,45.6
11,public,Mondul Kiri,2018,126,783,812,380,46,9,3188,1579,241,101,2743,1245,174,62,2707,1389,125,53,2319,1102,90,29,1978,1027,26,12,1641,869,24,9,1338,689,40,10,1036,569,27,5,838,448,26,9,567,300,6,2,483,264,3,0,336,183,2,1,19174,9664,784,293,23,256,473,60,0,0,7.1,4.7,7.5,10.2,11.6,8.6,17.6,12.3,12.3,12.7,4.3,6.4
12,public,Otdar Meanchey,2018,358,1934,1525,679,302,65,7697,3525,1083,406,6826,3139,710,262,6564,3144,542,202,6071,2922,320,99,5368,2694,225,75,4853,2516,101,36,3899,1914,130,37,3036,1561,49,16,2574,1298,130,47,1796,939,37,8,1375,727,2,0,1010,484,8,4,51069,24863,3337,1192,85,276,967,189,9,0,5.8,4.7,6.1,9.3,6.5,14.9,17.5,14.2,19.7,13.4,5.5,11.3
13,public,Pailin,2018,82,501,625,315,76,22,2068,998,198,61,1870,842,144,48,1782,817,150,48,1676,826,83,29,1553,762,50,9,1367,715,10,3,1398,729,95,36,1012,511,31,9,800,415,18,4,622,346,9,5,440,239,7,1,417,213,36,7,15005,7413,831,260,11,49,451,113,1,0,4.1,6.0,7.2,5.1,7.4,6.4,17.5,11.3,17.7,9.8,5.8,36.7
14,public,Phnom Penh,2018,376,5609,9841,5742,1042,407,25905,11913,1373,478,23256,10768,901,267,21667,10083,681,218,23771,11440,465,131,23212,11370,387,95,21089,10540,146,44,18389,9043,594,156,16220,8216,360,132,15152,7590,484,150,12840,6544,140,43,11546,5855,128,43,12516,6163,938,402,225563,109525,6597,2159,238,1875,4126,3183,428,2,3.6,2.8,3.3,1.9,3.2,5.0,11.7,4.9,10.1,8.0,,44.1
15,public,Preah Sihanouk,2018,156,1187,1598,775,239,74,5150,2464,301,111,4675,2241,168,70,4425,2091,140,55,4589,2352,84,25,4123,2018,68,25,3961,1951,64,10,3448,1719,177,42,2470,1271,45,16,2238,1104,73,20,1389,757,16,5,1438,744,8,1,1183,574,25,8,39089,19286,1169,388,24,196,944,386,27,0,1.9,2.3,0.4,6.5,2.7,11.2,23.2,16.5,22.6,12.7,7.5,20.0
16,public,Preah Vihear,2018,401,2038,1999,1002,266,72,7969,3698,1380,568,7067,3327,704,301,6356,3040,500,195,5885,2904,295,103,5287,2701,150,62,4779,2513,83,33,3967,2242,61,21,3155,1716,29,13,2706,1488,33,8,1894,1038,1,0,1387,696,0,0,1112,557,15,5,51564,25920,3251,1309,113,340,1280,257,9,0,4.0,4.6,3.7,7.6,9.3,9.2,16.4,10.6,13.4,22.6,14.6,13.3
17,public,Prey Veng,2018,1035,6615,5736,2709,1800,455,26653,12259,3239,1200,25587,11714,2204,772,25671,11920,1710,617,25315,11987,1287,417,23986,11542,1007,356,21791,10645,650,225,18143,9320,151,44,15591,8201,64,22,13508,7168,207,58,9678,5207,78,32,7240,3750,54,21,6032,3192,174,76,219195,106905,10825,3840,36,1535,2622,1505,33,1,1.8,1.0,2.4,2.9,3.3,2.9,16.1,16.7,19.2,17.0,9.7,17.7
18,public,Pursat,2018,537,3207,3156,1520,610,161,13749,6537,2075,845,12552,5881,1161,447,11977,5759,856,331,11230,5559,629,226,10265,5105,383,156,9451,4728,224,62,7417,3922,139,45,5965,3171,74,21,4894,2609,128,42,3686,2013,40,13,2816,1480,14,9,2295,1219,97,40,96297,47983,5820,2237,53,665,1818,585,35,0,4.2,4.3,3.5,5.1,4.4,6.6,17.5,16.2,14.6,19.4,11.0,37.2
19,public,Ratanak Kiri,2018,303,1703,1275,590,123,30,9423,4287,707,318,8088,3926,445,176,7372,3608,260,107,6457,3135,163,59,5455,2690,126,45,4184,2114,48,16,3239,1582,20,4,2366,1178,11,3,2040,981,78,32,1357,637,2,0,1029,470,2,0,716,340,0,0,51726,24948,1862,760,77,226,805,164,3,0,11.7,10.2,9.8,13.8,14.1,14.4,19.5,1.0,17.3,8.5,7.6,14.0
20,public,Siemreap,2018,1067,6918,5950,3699,1446,536,32220,14885,4385,1716,29187,13598,2829,941,28401,13505,2103,725,27324,13414,1240,399,25247,12615,850,254,22273,11398,570,168,19678,10277,881,273,15831,8640,430,143,13503,7530,538,198,10187,5884,224,89,9130,4858,87,37,6929,3866,220,93,239910,120470,14357,5036,69,626,3786,1350,112,1,3.4,5.7,4.5,1.5,5.0,8.7,15.4,10.9,13.6,4.2,6.1,24.0
21,public,Stung Treng,2018,218,1359,1217,657,169,58,5846,2749,1178,546,5258,2515,706,307,4680,2268,401,156,4013,2039,241,92,3351,1704,133,56,2659,1373,63,26,1934,1041,14,3,1528,812,5,3,1257,637,14,4,966,489,3,2,678,342,0,0,589,289,6,3,32759,16258,2764,1198,59,342,769,82,2,0,4.6,6.7,10.0,7.2,13.7,22.6,18.4,11.7,12.3,5.0,4.9,5.3
22,public,Svay Rieng,2018,508,3344,3688,1394,929,208,12872,6032,1018,394,12059,5714,695,227,12060,5760,506,180,12503,6112,371,116,11721,5798,236,83,10903,5408,174,50,9820,5035,240,67,8195,4181,150,35,7207,3738,204,55,5218,2670,28,7,4282,2241,19,6,3481,1665,67,33,110321,54354,3708,1253,52,431,2231,939,35,0,1.6,1.0,2.2,2.8,2.6,2.1,20.5,14.7,17.7,16.1,9.2,21.9
23,public,Takeo,2018,782,5777,6485,2627,1696,391,20323,9360,2115,746,19466,9058,1621,589,19920,9365,1317,492,20295,9752,1062,339,19633,9600,805,277,18712,9182,626,186,16899,8385,434,123,15422,7779,330,93,14383,7268,382,84,11365,5870,144,44,9268,4769,114,35,8447,4300,457,197,194133,94688,9407,3205,58,846,3671,1847,63,0,1.1,1.4,2.3,2.3,2.6,4.5,11.5,12.2,16.2,14.6,9.9,41.8
24,public,Tbaung Khmum,2018,703,4642,3757,2023,712,223,23060,10796,2205,857,20891,9916,1575,613,19762,9305,1233,474,19061,9314,893,350,17423,8565,563,206,15389,7959,402,144,12509,6404,402,141,9786,5301,178,53,7855,4200,278,84,5362,2858,57,15,4203,2386,30,11,3448,1872,150,70,158749,78876,7966,3018,46,660,2495,532,23,1,5.2,5.3,6.2,6.3,7.3,7.9,21.6,17.1,23.6,17.1,9.0,25.9
25,public,Banteay Meanchey,2019,818,4667,4834,2516,894,216,17988,8373,1152,404,17401,8344,817,297,16217,7788,582,194,15983,7716,478,123,15414,7546,265,73,14154,7083,175,69,11717,6067,239,72,8784,4791,159,47,7519,4073,268,87,5330,3095,38,11,4249,2467,15,5,3835,2065,104,45,138591,69408,4292,1427,74,769,2722,1192,77,0,3.1,2.1,2.3,4.8,1.2,7.0,15.1,12.4,17.2,12.2,7.4,44.8
26,public,Battambang,2019,1147,7694,6851,4128,1686,632,33046,15345,3796,1456,31067,14568,2384,848,28768,13600,1627,575,26888,12831,1087,359,25739,12525,711,244,23916,11971,528,174,19280,9967,573,164,14309,7722,271,87,11640,6378,388,123,8882,4960,109,26,6769,3806,34,16,5926,3336,175,85,236230,117009,11683,4157,147,1038,2980,2524,159,1,6.1,5.2,5.1,4.1,5.9,22.0,16.9,15.4,22.8,14.7,8.1,35.1
27,public,Kampong Cham,2019,816,5905,5779,3352,1743,684,26288,12138,3545,1349,25135,11639,2486,907,23789,11102,2079,694,22806,10820,1489,498,21546,10550,1192,374,19674,9942,730,231,17067,9006,677,235,13633,7373,368,117,11497,6397,401,154,9287,5250,147,54,7425,4336,51,19,6792,3875,195,83,204939,102428,13360,4715,215,1491,2716,1291,63,3,3.9,4.3,2.5,3.8,5.3,27.8,13.1,15.1,37.2,14.2,7.0,27.4
28,public,Kampong Chhnang,2019,469,3204,3567,1727,675,175,13231,6275,1400,547,12648,5957,975,346,12148,5808,797,228,12134,5868,609,190,11856,5951,355,121,11199,5713,186,61,9658,5096,255,64,7847,4350,118,31,6784,3701,131,28,4914,2831,25,4,4161,2335,13,6,3668,2055,96,45,110248,55940,4960,1671,38,624,1764,1090,51,0,0.9,1.2,1.9,4.0,3.5,10.4,10.9,13.6,19.1,16.7,12.0,28.8
29,public,Kampong Speu,2019,619,4144,4390,1939,793,142,19117,8962,1684,660,17986,8575,1112,436,17956,8494,959,336,17883,8522,694,253,18220,9035,465,155,17229,8755,398,172,14491,7547,262,75,10687,5646,166,48,9001,4707,279,74,6155,3323,14,2,5095,2711,12,1,4436,2334,56,28,158256,78611,6101,2240,154,906,1931,1318,79,2,2.6,1.0,3.2,3.6,2.4,25.6,16.1,21.6,39.1,16.0,9.8,23.7
30,public,Kampong Thom,2019,789,4575,4398,2444,774,192,19773,9216,2616,1015,18319,8843,1639,611,16909,8026,1219,413,16155,7942,766,266,14705,7437,485,145,13996,7267,377,120,12392,6555,508,189,9864,5552,211,68,8255,4458,318,104,6107,3449,53,13,4812,2699,39,11,4482,2574,55,24,145769,74018,8286,2979,158,721,2165,1277,75,2,2.7,1.6,2.2,4.6,4.7,29.1,16.0,15.1,30.4,19.3,8.6,30.8
31,public,Kampot,2019,611,3862,4802,2378,944,199,14156,6391,1338,483,13167,6227,827,274,12619,5948,601,200,12556,5954,417,123,12407,6005,380,130,11756,5896,264,73,10768,5534,323,89,8432,4392,172,36,7854,4126,306,80,5840,3138,108,38,5219,2737,48,21,4695,2469,89,37,119469,58817,4873,1584,65,872,2517,1286,62,0,1.1,2.5,3.3,3.1,3.9,21.6,14.9,17.3,23.1,14.6,8.9,16.1
32,public,Kandal,2019,752,6609,7298,4050,1461,391,29507,13637,3727,1448,27771,13182,2625,896,26276,12069,2166,739,26024,12137,1759,558,25763,12351,1334,440,24273,11964,839,247,20343,10462,667,176,15866,8346,273,92,13734,7316,372,116,11109,6207,122,47,9249,5261,72,19,8285,4536,265,118,238200,117468,14221,4896,277,1554,2988,2337,141,1,1.0,2.1,1.1,2.9,2.5,2.6,12.3,12.2,10.9,13.4,11.2,17.0
33,public,Kep,2019,50,276,456,239,93,20,1136,527,138,56,936,455,94,30,885,425,88,30,823,389,94,24,721,395,38,5,658,330,27,4,601,302,39,6,445,236,16,3,422,223,19,10,372,182,7,3,328,176,2,0,345,185,7,2,7672,3825,569,173,1,62,230,157,6,0,,,,,4.1,14.1,23.2,14.3,20.0,8.2,7.6,7.8
34,public,Koh Kong,2019,219,1101,1097,503,162,41,3266,1524,305,123,2980,1379,211,74,2747,1294,126,47,2609,1207,86,29,2428,1204,45,9,2365,1277,35,12,2074,1059,13,5,1634,839,11,2,1420,730,39,11,1014,523,5,1,906,468,3,0,741,331,15,10,24184,11835,894,323,17,185,734,159,2,0,7.6,7.2,5.7,5.3,,16.6,14.9,9.8,22.0,1.9,8.5,64.1
35,public,Kratie,2019,441,2781,2577,1623,372,132,13347,6067,1858,735,12119,5754,1168,436,11126,5180,854,319,9807,4759,515,195,9111,4668,353,105,7753,4021,200,83,5624,2926,107,31,4184,2260,54,16,3299,1813,93,32,2346,1278,28,5,1969,1114,18,6,1893,1035,44,12,82578,40875,5292,1975,48,676,1596,248,8,0,10.0,8.3,9.3,8.6,9.1,14.4,20.0,20.9,22.7,13.7,8.6,18.8
36,public,Mondul Kiri,2019,127,801,839,408,53,11,3055,1501,180,89,2881,1441,120,50,2469,1164,95,38,2441,1257,76,27,2055,1015,41,9,1722,907,26,13,1340,691,49,14,1085,581,30,13,931,498,86,26,604,334,1,0,491,266,0,0,453,251,0,0,19527,9906,704,279,32,251,484,72,0,0,5.9,5.5,8.7,6.3,12.1,8.2,15.5,14.8,12.3,11.3,4.9,5.5
37,public,Otdar Meanchey,2019,359,1957,1561,721,318,73,7847,3603,1072,411,6670,3049,625,222,6314,2983,532,187,5922,2865,328,105,5523,2723,219,76,4909,2496,182,64,4196,2212,180,53,3135,1580,75,21,2636,1350,194,64,1879,983,44,12,1475,805,21,3,1261,662,23,9,51767,25311,3495,1227,104,319,902,225,11,0,8.1,3.9,6.3,5.8,6.9,32.8,15.8,16.3,27.9,13.3,9.8,13.4
38,public,Pailin,2019,81,512,636,341,81,22,2055,961,191,70,1979,928,144,49,1789,840,112,49,1631,753,51,12,1583,794,59,10,1451,714,12,1,1413,746,54,14,1085,587,18,4,930,469,76,31,593,325,13,3,499,280,1,0,416,225,14,11,15424,7622,745,254,19,43,408,163,3,0,4.9,0.2,3.3,3.6,5.1,6.4,18.1,13.5,14.0,18.2,10.5,38.0
39,public,Phnom Penh,2019,374,5501,9445,5506,1133,439,24321,11365,1549,556,24416,11502,1054,343,22491,10689,753,257,21335,10002,675,212,23256,11197,467,145,22231,11039,295,89,20286,10198,633,229,16240,8165,342,124,16108,8023,547,179,13391,6905,113,40,12367,6446,86,31,12265,6146,580,219,228707,111677,7094,2424,324,1785,3613,3202,420,5,0.3,,,0.5,1.0,16.3,7.1,1.6,33.4,,,44.0
40,public,Preah Sihanouk,2019,157,1200,1570,781,232,75,5217,2573,334,136,4694,2215,248,86,4538,2153,215,71,4098,1975,134,46,4186,2163,81,26,3955,1973,93,20,3475,1681,196,40,2517,1342,61,27,2204,1103,131,40,1595,868,16,7,1206,662,3,1,1334,678,205,106,39019,19386,1717,606,14,194,1003,344,15,0,5.9,1.7,2.9,6.0,0.9,75.5,21.2,14.2,83.4,11.8,23.0,7.8
41,public,Preah Vihear,2019,407,2132,2041,1061,321,88,8120,3735,1353,520,7166,3441,819,318,6492,3077,511,168,5720,2834,359,129,5258,2666,179,58,4782,2517,123,43,4213,2261,61,28,3278,1871,28,13,2817,1537,44,11,2089,1160,9,2,1589,875,0,0,1339,682,7,5,52863,26656,3493,1295,110,327,1274,270,14,0,1.5,3.0,5.5,5.8,6.3,13.7,15.9,10.4,30.5,15.5,2.7,8.4
42,public,Prey Veng,2019,1057,6676,5648,2699,1863,450,25789,11949,3032,1154,25136,11544,2039,695,24917,11367,1718,548,24873,11710,1300,460,24510,11654,1016,327,23005,11246,793,247,18555,9619,132,42,15452,8217,99,21,13298,6932,230,71,9576,5327,75,37,7724,4206,42,11,6676,3476,168,57,219511,107247,10644,3670,126,1325,2425,1735,36,1,2.1,1.7,1.0,1.7,1.9,23.9,11.6,16.1,41.7,18.7,8.5,16.1
43,public,Pursat,2019,543,3281,3138,1540,679,191,13784,6451,2087,850,12590,6047,1146,436,11930,5672,918,342,11005,5367,591,241,10187,5150,373,121,9342,4820,249,99,7900,4083,70,24,6000,3259,33,10,5150,2702,137,35,3739,2101,16,2,3254,1782,16,3,2815,1498,79,31,97696,48932,5715,2194,70,645,1710,684,29,0,2.2,2.2,5.1,5.4,5.2,12.0,16.6,15.5,12.7,11.5,0.7,17.3
44,public,Ratanak Kiri,2019,311,1856,1316,624,125,33,8650,3994,739,292,7918,3660,365,158,7338,3625,261,111,6657,3280,164,57,5449,2656,106,49,4600,2330,48,12,3448,1777,36,5,2488,1259,2,0,2375,1172,58,21,1612,788,2,0,1207,563,4,2,980,446,23,10,52722,25550,1808,717,60,213,817,172,6,0,12.0,6.5,7.6,15.0,12.0,42.4,20.1,2.3,28.2,11.9,6.8,7.6
45,public,Siemreap,2019,1077,7066,5769,3579,1809,792,32154,14930,4354,1657,29636,13846,2782,970,27388,12974,2060,648,26485,12877,1262,391,25643,12868,891,252,23808,12239,555,151,20619,10743,957,263,16066,8794,402,130,13888,7618,529,168,10987,6437,230,80,8750,5067,107,33,7956,4628,161,58,243380,123021,14290,4801,53,623,3378,1572,142,1,2.4,2.2,2.7,3.0,2.2,14.2,13.1,12.3,15.5,13.1,5.2,19.6
46,public,Stung Treng,2019,246,1454,1321,740,146,46,6086,2800,1079,458,5114,2482,605,264,4784,2248,412,181,4028,2008,241,84,3650,1926,104,42,2979,1537,66,32,2206,1099,62,23,1573,898,31,17,1387,723,33,11,886,478,22,3,814,414,2,1,677,350,29,9,34184,16963,2686,1125,84,360,804,73,1,0,7.2,11.5,11.3,6.5,11.0,35.6,18.1,16.2,18.1,14.9,,14.2
47,public,Svay Rieng,2019,509,3613,3694,1423,933,211,13280,6361,1082,415,12139,5702,608,210,11863,5670,485,158,11786,5649,360,108,12202,6076,304,85,11369,5674,195,51,10023,5021,268,52,8198,4347,119,31,6771,3483,145,39,5221,2793,66,22,4193,2161,18,2,3792,2005,77,32,110837,54942,3727,1205,100,528,2019,1012,34,1,2.1,,1.0,0.2,1.6,5.0,13.2,16.9,17.4,18.3,11.9,19.8
48,public,Takeo,2019,793,5706,6473,2652,1724,402,19825,9190,2419,869,19460,9084,1866,661,18676,8833,1765,571,18877,8996,1325,400,19359,9507,1233,395,18664,9210,1207,351,16561,8534,579,189,14561,7376,429,151,13507,6851,641,150,10724,5779,148,36,9529,5081,76,23,8431,4442,332,126,188174,92883,12020,3922,87,1088,3166,2048,78,6,0.7,1.5,2.1,2.5,3.6,9.6,11.6,11.9,17.0,13.2,9.0,29.2
49,public,Tbaung Khmum,2019,710,4686,3725,2068,848,246,22202,10243,2332,921,20971,9882,1553,581,19375,9240,1151,417,18001,8638,831,297,17560,8749,632,238,15482,7839,381,114,12596,6698,479,137,9387,5086,248,75,7945,4368,286,106,5420,3083,84,33,4442,2578,27,7,3825,2217,84,42,157206,78621,8088,2968,105,743,2091,755,31,0,5.5,5.3,6.1,5.6,7.1,48.8,18.5,16.9,41.0,8.9,8.5,22.6
50,public,Banteay Meanchey,2020,822,4882,4766,2503,938,243,18994,8921,1737,669,18253,8782,1130,425,16506,7837,790,271,16301,7923,627,206,15049,7352,421,140,14844,7380,325,108,12398,6475,117,40,10554,5648,54,15,8764,4738,80,28,6038,3438,20,12,5205,2926,8,2,4515,2623,82,45,147421,74043,5391,1961,106,797,2217,1553,93,0,5.2,5.3,4.5,6.5,6.1,5.9,10.2,13.3,13.3,12.2,6.7,24.7
51,public,Battambang,2020,1170,7827,7099,4290,1758,670,32644,15287,4614,1801,29477,13891,2873,1098,27532,13050,1994,763,26587,12749,1282,478,25028,12316,936,307,23067,11511,653,239,19461,10172,167,58,16644,8987,138,65,13931,7514,252,101,9524,5313,53,30,8071,4452,37,19,7373,4112,224,117,239339,119354,13223,5076,249,913,2704,2942,271,20,3.1,6.3,6.3,6.1,8.4,22.8,13.7,13.4,25.8,15.5,7.6,38.7
52,public,Kampong Cham,2020,820,6116,5840,3411,1779,722,26921,12429,4424,1663,25295,12431,3017,1148,23026,10869,2348,841,22261,12865,1767,628,21037,13976,1288,443,19977,9820,862,287,16844,8991,141,72,14422,7846,131,46,12577,6878,251,97,9403,5311,48,24,8448,4748,63,31,7491,4278,209,127,207702,110442,14549,5407,175,1385,2441,1728,107,4,4.2,5.3,4.7,5.9,5.8,35.2,11.2,13.1,36.1,13.4,9.0,41.3
53,public,Kampong Chhnang,2020,472,3307,3586,1776,740,213,14183,6774,1930,746,13382,6424,1325,450,12271,5847,1079,326,11813,6099,798,242,11284,6292,647,201,10817,5443,383,101,9783,5297,54,24,8517,4623,60,20,7020,3842,60,27,4856,2752,7,2,4148,2276,3,1,3749,2150,134,70,111823,57819,6480,2210,54,467,1581,1419,64,1,1.5,2.9,2.4,3.8,4.4,10.1,12.4,15.1,30.9,16.6,14.8,47.3
54,public,Kampong Speu,2020,631,4182,4308,1970,871,177,19207,9013,2057,846,18981,9253,1189,481,18125,8613,1092,446,17017,8193,867,335,16776,8084,591,228,16371,7988,464,169,14031,7349,64,13,11429,5943,54,19,9190,4759,135,35,5900,3098,36,8,4937,2577,27,19,4226,2279,48,21,156190,77149,6624,2620,100,846,1772,1494,95,1,2.9,3.2,3.9,4.3,5.9,30.9,18.5,19.9,53.2,21.8,13.0,62.9
55,public,Kampong Thom,2020,800,4920,4463,2526,828,218,20594,9975,3077,1254,19597,9108,1580,578,17053,8140,1347,478,16157,9508,864,315,14283,9443,566,189,13610,6983,426,139,11644,6234,85,34,10016,5484,47,9,8662,4605,107,34,6441,3703,26,4,5743,3162,9,2,4964,2818,90,32,148764,79163,8224,3068,129,670,1996,1546,122,0,3.7,5.1,5.3,7.4,8.4,30.4,14.8,15.7,25.5,13.9,8.3,39.2
56,public,Kampot,2020,612,4710,4740,2374,998,226,14818,6860,1593,631,13809,6571,860,278,12471,5798,600,181,11982,5751,422,153,11282,5425,285,86,11154,5394,260,79,10392,5331,143,56,9057,4815,72,32,7982,4156,199,51,5526,2953,43,17,5312,2788,34,18,4629,2473,102,44,118414,58315,4613,1626,83,799,2303,1482,73,0,4.5,3.9,4.4,5.6,5.2,16.2,11.3,14.4,24.0,14.3,9.4,36.9
57,public,Kandal,2020,761,6810,7299,4114,1516,402,31962,14772,5786,2239,29303,13751,3874,1452,27449,12960,3247,1215,25903,12553,2570,910,24049,11469,1989,670,23034,11198,1344,491,20965,10761,193,79,18850,9905,199,76,15976,8308,186,47,11393,6220,77,28,10235,5614,33,8,8845,4970,163,71,247964,122481,19661,7286,274,1343,2870,2611,201,0,2.7,3.0,3.4,3.7,5.0,3.9,9.8,10.1,14.7,11.7,10.4,34.6
58,public,Kep,2020,50,300,476,258,97,19,1079,499,136,51,1055,508,78,23,948,466,40,12,881,423,21,4,798,381,21,7,720,344,9,2,646,367,4,1,571,290,3,0,516,261,37,10,329,184,0,0,335,184,0,0,319,153,1,1,8197,4060,350,111,0,23,266,177,10,0,4.7,2.4,6.0,9.0,8.7,15.2,10.3,9.4,11.3,8.2,5.9,15.0
59,public,Koh Kong,2020,223,1204,1199,578,186,53,3590,1763,366,154,3371,1571,233,88,2816,1330,123,44,2628,1259,61,21,2438,1178,69,25,2362,1144,35,9,2144,1085,21,9,1873,1008,25,7,1690,841,46,12,1243,643,4,1,1048,540,1,0,840,438,11,6,26043,12800,995,376,13,186,783,215,2,0,5.0,8.8,5.9,10.7,6.5,31.8,10.6,9.9,27.3,12.9,9.6,36.7
60,public,Kratie,2020,446,2993,2696,1706,404,144,13526,6401,2434,1003,12639,6112,1440,552,10818,5547,1003,400,10237,5906,742,275,8909,5192,454,167,7875,4050,304,135,5908,3239,50,16,4668,2535,24,4,3804,2013,104,26,2515,1414,1,1,2193,1240,1,1,1948,1052,23,11,85040,44701,6580,2591,36,625,1635,376,24,0,4.4,7.0,8.3,7.9,10.8,30.1,18.1,17.4,27.0,14.1,7.8,29.7
61,public,Mondul Kiri,2020,132,862,937,484,68,12,3166,1515,356,151,2861,1395,264,87,2654,1411,218,97,2457,1321,85,36,2170,1166,86,27,1917,1051,52,11,1562,793,27,3,1166,639,19,2,993,529,33,15,744,400,5,3,669,364,1,0,504,277,15,7,20863,10861,1161,439,59,210,577,87,4,0,6.5,6.2,5.8,5.7,11.2,15.4,13.5,12.7,12.2,8.2,8.6,14.4
62,public,Otdar Meanchey,2020,366,2090,1641,767,349,87,8162,3768,1255,471,7126,3281,750,277,6572,3080,532,187,5880,2735,386,139,5386,2702,203,85,4916,2514,116,45,4239,2248,84,37,3564,1916,50,14,2938,1615,53,14,2126,1087,41,15,1763,938,19,10,1460,779,58,24,54132,26663,3547,1318,111,340,903,276,11,0,6.4,6.3,6.7,7.3,8.6,35.8,13.8,14.3,24.5,16.5,11.5,7.6
63,public,Pailin,2020,82,540,669,355,95,30,2114,1015,341,131,1716,811,159,66,1705,839,138,55,1593,774,93,39,1441,737,83,31,1312,652,18,10,1354,714,20,4,1203,631,9,2,1007,553,47,21,696,417,15,5,649,351,5,1,513,288,19,10,15303,7782,947,375,12,75,366,210,6,0,8.1,6.9,6.8,11.0,9.1,33.1,15.2,15.5,23.3,13.2,10.9,24.4
64,public,Phnom Penh,2020,380,5707,9242,5332,1170,453,27221,12592,2802,1117,23087,11019,1684,665,22053,10201,1287,462,22636,10941,931,356,20740,10032,583,199,19818,9527,407,155,20889,10281,259,119,19952,9921,318,144,18114,9050,488,176,13448,6896,30,15,13790,6988,17,5,13865,6958,664,286,235613,114406,9470,3699,345,1254,3330,3742,563,8,8.9,4.7,5.1,5.3,5.1,32.8,5.5,2.8,32.7,4.0,,43.6
65,public,Preah Sihanouk,2020,159,1252,1658,856,272,81,6219,2900,941,395,5248,2491,590,244,4753,2251,355,142,4332,2086,258,85,4032,1981,139,32,3656,1817,136,41,3587,1870,55,15,2979,1541,18,8,2652,1284,81,31,1798,965,6,2,1651,844,1,0,1372,741,12,3,42279,20771,2592,998,44,179,948,449,38,0,6.8,5.9,7.5,5.5,7.9,20.4,11.0,10.3,20.2,10.9,10.6,21.2
66,public,Preah Vihear,2020,411,2228,2178,1139,350,109,8149,3908,1792,748,7142,3513,957,381,6755,3193,684,282,5957,3012,441,158,5198,2650,246,98,4704,2466,113,37,4110,2185,24,7,3480,1938,8,1,3081,1710,18,9,2286,1296,13,9,1857,1014,1,0,1561,861,14,7,54280,27746,4311,1737,96,312,1353,384,33,0,6.6,5.0,6.8,8.7,8.3,18.6,13.9,12.1,17.9,19.4,12.3,39.5
67,public,Prey Veng,2020,1071,6884,5860,2826,1926,504,27569,12717,3678,1440,26244,12069,2346,847,24337,11298,2076,693,23802,11119,1579,534,23661,11070,1261,437,23118,11147,959,303,19676,10175,35,16,16992,8931,17,8,14153,7425,150,63,9818,5310,15,3,8395,4498,15,10,7503,4135,201,85,225268,109894,12332,4439,252,1338,2028,2138,96,1,2.8,2.4,3.0,3.6,4.2,22.4,11.1,13.7,35.0,15.6,9.6,40.1
68,public,Pursat,2020,551,3355,3140,1585,735,205,14645,6862,2586,1074,15203,8279,1408,550,11668,5810,1129,452,10882,5956,677,233,10156,6233,491,163,9534,4876,322,99,7979,4304,12,5,6750,3663,12,4,5811,3068,39,17,4157,2345,0,0,3601,1926,0,0,3062,1678,111,49,103448,55000,6787,2646,62,632,1608,782,55,1,3.6,6.1,4.2,6.4,6.5,20.6,12.2,13.4,19.5,12.5,8.2,30.2
69,public,Ratanak Kiri,2020,328,1967,1430,699,142,43,7631,3713,736,321,7369,3474,503,207,6939,3327,384,141,6513,3188,281,118,6002,3158,174,72,5205,2664,116,40,3795,1912,5,1,3021,1657,1,1,2519,1276,71,22,1789,889,6,4,1643,825,0,0,1303,663,17,7,53729,26746,2294,934,69,320,774,259,8,0,9.8,7.7,8.4,10.6,12.5,30.8,15.4,10.0,38.0,17.4,11.2,19.1
70,public,Siemreap,2020,1109,7625,5943,3759,1758,734,34550,16027,6005,2321,30146,15413,3428,1248,27342,12964,2573,853,25934,13054,1714,537,24001,12472,1400,476,23049,11687,874,271,20759,11164,525,167,17794,9855,348,141,15240,8442,317,92,11788,6806,134,46,10630,5949,87,33,9022,5271,165,102,250255,129104,17570,6287,180,737,3136,1736,153,1,5.2,5.6,4.9,6.3,7.2,29.0,11.6,11.2,29.1,11.3,7.3,35.2
71,public,Stung Treng,2020,259,1782,1411,787,194,57,6482,3103,1469,641,5398,2542,806,343,4832,2398,522,230,4185,2208,361,144,3701,2059,223,89,3283,1729,142,68,2371,1298,18,6,1939,1051,9,2,1594,804,13,5,1055,572,1,1,1003,567,1,0,801,423,11,3,36644,18754,3576,1532,62,276,901,173,4,0,5.6,6.4,7.6,8.8,8.9,49.0,19.8,12.9,33.3,11.8,5.2,13.6
72,public,Svay Rieng,2020,511,3568,3747,1499,971,221,14565,6866,1664,633,14123,6426,868,299,12580,6102,639,211,11848,5643,545,175,11257,5458,368,112,11069,5433,288,87,10601,5413,50,17,8648,4414,25,8,7091,3454,65,16,4743,2492,1,0,4169,2138,2,0,3740,1980,45,16,114434,55819,4560,1574,54,479,1865,1290,59,0,2.5,3.2,2.8,3.2,4.3,23.1,13.7,18.7,39.4,18.2,12.6,48.2
73,public,Takeo,2020,802,5907,6486,2754,1771,393,21344,9958,2696,1027,20503,9666,1819,634,18695,8914,1507,526,18210,8682,1137,408,17550,8460,941,299,17600,8559,791,216,16847,8623,208,95,15317,7900,289,131,13436,6869,165,47,10057,5271,38,20,9788,5090,29,18,8633,4623,188,101,187980,92615,9808,3522,122,802,3039,2392,130,1,2.1,2.6,2.7,3.0,3.4,10.3,6.9,9.3,20.9,10.4,10.4,32.5
74,public,Tbaung Khmum,2020,723,4891,3904,2197,915,271,21338,9970,3249,1301,20082,9583,2116,791,18704,8795,1605,597,17816,8643,1119,403,16536,8241,857,314,14992,7449,518,179,12657,6778,125,43,10489,5616,66,25,8828,4827,245,100,5787,3264,31,12,5266,2945,18,8,4370,2468,124,55,156865,78579,10073,3828,109,586,2039,1107,64,0,4.9,6.5,5.8,7.4,7.7,37.5,13.5,15.3,41.2,15.3,8.0,43.8
0,private,Banteay Meanchey,2018,121,894,1053,580,252,113,3270,1518,157,64,2972,1444,85,24,2594,1200,63,18,2166,1044,14,5,1829,901,16,6,1501,772,12,4,1229,602,12,4,904,421,9,3,784,398,16,4,515,276,0,0,427,215,1,0,358,167,7,1,21942,10611,392,133,0,38,430,554,31,0,,,,,,,,,,,,
1,private,Battambang,2018,45,406,779,488,165,82,1028,487,3,0,828,386,8,0,689,352,10,4,620,310,5,1,608,312,7,0,575,292,4,2,545,277,14,2,547,250,9,1,569,286,14,2,540,285,5,3,529,284,2,1,453,245,17,7,8804,4371,98,23,12,31,228,467,40,1,,,,,,,,,,,,
2,private,Kampong Cham,2018,25,158,214,130,34,14,545,278,32,10,528,253,27,13,455,215,17,6,337,145,8,3,381,177,0,0,286,145,4,4,159,72,2,1,142,66,2,0,106,54,0,0,89,48,1,0,71,33,0,0,58,28,0,0,4010,1969,93,37,5,23,74,103,9,0,,,,,,,,,,,,
3,private,Kampong Chhnang,2018,25,190,356,242,87,46,499,261,3,1,426,191,3,1,246,121,0,0,278,124,0,0,254,119,0,0,202,89,0,0,211,80,5,1,182,68,0,0,215,82,1,0,119,36,2,0,165,75,0,0,176,73,1,1,4505,2055,15,4,0,17,195,140,3,1,,,,,,,,,,,,
4,private,Kampong Speu,2018,50,328,444,279,109,41,1091,552,29,12,825,412,21,7,741,376,12,5,626,312,5,3,502,261,9,4,491,276,18,13,288,133,4,1,246,118,2,2,206,121,1,0,105,55,0,0,58,30,0,0,38,19,0,0,8134,4179,101,47,4,20,130,271,19,0,,,,,,,,,,,,
5,private,Kampong Thom,2018,15,58,110,71,34,18,233,91,1,0,191,84,1,0,208,106,0,0,147,68,0,0,151,63,0,0,119,55,0,0,71,26,0,0,83,41,0,0,56,22,3,1,55,25,0,0,29,19,0,0,14,6,0,0,1699,754,5,1,2,2,31,70,5,0,,,,,,,,,,,,
6,private,Kampot,2018,48,296,543,304,61,32,2074,1079,48,30,1230,632,27,13,877,491,30,18,797,418,10,5,697,369,8,3,559,296,4,0,565,307,7,5,388,219,0,0,384,201,1,0,369,184,0,0,304,153,0,0,346,174,23,11,9588,5022,158,85,12,104,147,259,21,0,,,,,,,,,,,,
7,private,Kandal,2018,63,419,694,395,284,146,1586,815,103,39,1172,580,93,32,892,437,51,18,788,375,35,12,688,338,15,4,557,289,19,4,757,294,6,2,620,243,5,4,526,225,3,1,407,182,3,2,380,173,3,0,350,167,10,7,10697,5119,346,125,22,47,201,389,30,5,,,,,,,,,,,,
8,private,Kep,2018,4,18,24,14,5,4,289,143,0,0,102,56,0,0,90,55,0,0,104,64,0,0,82,46,0,0,48,21,0,0,0,0,0,0,0,0,0,0,0,0,0,0,0,0,0,0,0,0,0,0,0,0,0,0,836,446,0,0,11,0,7,6,0,0,,,,,,,,,,,,
9,private,Koh Kong,2018,18,110,188,99,24,11,732,364,12,2,577,294,20,6,395,201,1,0,373,196,3,0,282,137,3,3,235,145,0,0,137,57,0,0,117,56,1,0,78,34,0,0,17,7,0,0,0,0,0,0,0,0,0,0,3259,1674,40,11,0,29,137,21,1,0,,,,,,,,,,,,
10,private,Kratie,2018,8,44,14,13,15,4,764,463,11,9,276,174,0,0,156,91,2,1,80,46,0,0,43,20,0,0,18,6,0,0,0,0,0,0,0,0,0,0,0,0,0,0,0,0,0,0,0,0,0,0,0,0,0,0,1499,880,13,10,0,1,4,8,1,0,,,,,,,,,,,,
11,private,Mondul Kiri,2018,5,17,20,17,16,12,66,19,0,0,43,15,0,0,29,9,0,0,30,13,0,0,23,13,0,0,14,6,0,0,0,0,0,0,0,0,0,0,0,0,0,0,0,0,0,0,0,0,0,0,0,0,0,0,345,140,0,0,0,6,7,6,1,0,,,,,,,,,,,,
12,private,Otdar Meanchey,2018,6,45,35,25,5,3,314,130,8,4,248,120,4,1,170,70,6,3,197,100,0,0,165,77,0,0,107,51,0,0,0,0,0,0,0,0,0,0,0,0,0,0,0,0,0,0,0,0,0,0,0,0,0,0,1473,662,18,8,1,4,28,2,0,0,,,,,,,,,,,,
13,private,Pailin,2018,18,105,151,113,45,16,425,195,14,5,313,158,6,1,262,127,1,0,191,98,1,0,188,101,5,1,148,84,0,0,0,0,0,0,0,0,0,0,0,0,0,0,0,0,0,0,0,0,0,0,0,0,0,0,2245,1098,27,7,0,11,50,88,2,0,,,,,,,,,,,,
14,private,Phnom Penh,2018,530,4385,6488,3910,3562,2108,12845,6420,245,111,10761,5286,173,75,9169,4537,159,71,9234,4680,105,41,8458,4265,209,93,7104,3663,65,33,4974,2481,45,14,4495,2290,29,9,4354,2214,70,16,3716,1794,6,1,3274,1695,5,1,3087,1613,109,42,101287,50777,1220,507,102,380,1485,4146,367,8,,,,,,,,,,,,
15,private,Preah Sihanouk,2018,45,358,521,274,136,87,992,482,66,27,902,442,30,12,642,291,19,4,625,292,5,2,583,299,9,5,479,223,5,0,506,231,22,2,420,219,7,4,405,193,12,6,317,145,0,0,262,121,0,0,263,118,5,2,8938,4327,180,64,4,15,166,320,16,0,,,,,,,,,,,,
16,private,Preah Vihear,2018,4,18,19,16,1,1,63,23,0,0,30,14,0,0,31,10,3,0,24,12,0,0,22,10,0,0,16,7,0,0,0,0,0,0,0,0,0,0,0,0,0,0,0,0,0,0,0,0,0,0,0,0,0,0,265,123,3,0,1,0,15,3,0,0,,,,,,,,,,,,
17,private,Prey Veng,2018,7,16,42,25,14,8,23,14,0,0,16,9,0,0,14,8,0,0,17,10,0,0,0,0,0,0,8,6,0,0,0,0,0,0,0,0,0,0,0,0,0,0,45,31,0,0,45,22,0,0,43,25,0,0,349,206,0,0,0,7,6,26,3,0,,,,,,,,,,,,
18,private,Pursat,2018,8,58,69,68,17,11,436,240,0,0,113,70,0,0,125,55,0,0,114,67,0,0,92,52,0,0,151,75,0,0,0,0,0,0,0,0,0,0,0,0,0,0,0,0,0,0,0,0,0,0,0,0,0,0,2050,1064,0,0,0,0,22,46,1,0,,,,,,,,,,,,
19,private,Ratanak Kiri,2018,14,134,175,109,46,25,438,198,14,5,386,175,2,1,287,146,11,6,278,132,5,2,198,95,3,1,146,68,0,0,125,50,0,0,96,39,0,0,101,39,0,0,49,21,0,0,50,29,0,0,50,24,4,3,3473,1431,39,18,0,3,83,89,0,0,,,,,,,,,,,,
20,private,Siemreap,2018,102,651,1037,699,267,181,1595,747,38,15,1139,546,13,5,907,433,6,1,953,473,7,4,836,390,9,3,767,365,5,2,583,287,8,3,534,262,6,4,440,214,5,1,369,159,2,0,299,166,0,0,252,130,7,7,15204,7437,106,45,5,53,322,583,74,0,,,,,,,,,,,,
21,private,Stung Treng,2018,4,15,17,10,2,2,47,22,6,3,36,14,3,2,27,5,1,0,18,9,0,0,13,6,0,0,13,6,0,0,5,1,0,0,2,1,0,0,1,1,0,0,6,4,0,0,2,1,0,0,5,2,0,0,283,132,10,5,0,3,10,4,0,0,,,,,,,,,,,,
22,private,Svay Rieng,2018,6,16,30,28,4,1,72,34,0,0,45,21,0,0,21,11,0,0,19,7,0,0,20,9,0,0,21,13,0,0,0,0,0,0,0,0,0,0,0,0,0,0,0,0,0,0,0,0,0,0,0,0,0,0,304,141,0,0,0,3,6,21,0,0,,,,,,,,,,,,
23,private,Takeo,2018,24,119,241,99,81,44,477,238,8,1,356,172,2,1,286,141,1,0,230,101,0,0,174,69,1,0,117,46,2,0,144,58,5,3,132,50,1,0,104,47,0,0,73,28,1,0,101,58,2,1,73,46,0,0,2860,1336,23,6,2,13,78,116,32,0,,,,,,,,,,,,
24,private,Tbaung Khmum,2018,27,132,232,135,52,24,454,235,24,9,355,179,12,5,291,151,14,4,356,205,17,12,243,150,8,6,238,143,6,3,447,324,0,0,281,232,1,0,187,153,2,2,125,98,0,0,116,95,0,0,108,72,15,6,4308,2626,99,47,3,5,79,139,6,0,,,,,,,,,,,,
25,private,Banteay Meanchey,2019,133,947,1204,659,232,117,3044,1434,147,45,2954,1367,53,14,2543,1288,48,23,2149,1045,28,16,1910,941,16,6,1659,826,6,2,1358,756,1,0,1169,572,3,0,871,401,12,3,667,332,3,1,558,288,0,0,417,205,6,3,23316,11458,323,113,1,40,512,632,19,0,,,,,,,,,,,,
26,private,Battambang,2019,52,407,785,458,255,147,925,434,43,16,752,360,15,4,676,309,4,2,553,246,4,0,534,260,2,0,526,250,6,1,500,248,10,4,499,258,8,2,489,235,16,9,504,261,5,1,469,253,3,1,495,251,25,6,8992,4373,141,46,18,34,174,500,59,0,,,,,,,,,,,,
27,private,Kampong Cham,2019,29,208,275,158,56,23,504,251,23,12,509,234,17,5,412,165,9,0,358,170,2,1,408,191,0,0,407,204,5,2,203,102,7,3,155,74,2,0,133,75,0,0,102,46,0,0,59,32,0,0,58,27,0,0,4770,2357,65,23,3,9,88,174,1,0,,,,,,,,,,,,
28,private,Kampong Chhnang,2019,25,181,324,209,76,42,514,240,11,5,423,231,8,3,381,173,2,0,239,117,0,0,248,111,1,0,236,97,0,0,225,92,1,0,171,68,0,0,151,57,2,2,131,44,2,0,96,31,0,0,117,51,3,1,4256,1940,30,11,0,11,142,156,15,0,,,,,,,,,,,,
29,private,Kampong Speu,2019,64,361,596,348,155,55,1376,703,51,17,935,469,35,11,683,326,20,4,530,259,13,2,588,308,15,5,402,210,6,3,289,176,8,3,234,115,2,1,166,83,0,0,74,45,1,0,84,49,0,0,42,26,0,0,8260,4272,151,46,3,9,186,362,36,0,,,,,,,,,,,,
30,private,Kampong Thom,2019,34,133,190,88,36,20,432,208,32,17,306,139,52,26,261,129,44,22,199,83,23,15,246,138,37,19,231,135,21,15,106,41,4,0,67,32,0,0,66,30,3,0,37,14,0,0,40,21,0,0,29,16,0,0,2658,1298,216,114,44,5,35,98,8,0,,,,,,,,,,,,
31,private,Kampot,2019,47,304,499,261,66,34,1908,968,37,19,1723,873,24,12,1111,608,19,8,747,418,17,11,730,358,12,3,599,337,2,1,632,330,20,12,523,270,5,1,454,250,3,0,401,205,0,0,410,210,0,0,414,197,18,7,10904,5610,157,74,19,120,145,201,14,0,,,,,,,,,,,,
32,private,Kandal,2019,68,540,685,391,227,129,1345,742,59,27,1204,641,60,22,984,517,37,16,700,359,19,9,703,348,11,3,657,350,6,1,718,440,14,10,542,305,17,14,471,229,3,3,460,255,8,6,357,185,3,1,330,177,5,1,11402,6079,242,113,36,40,210,362,37,0,,,,,,,,,,,,
33,private,Kep,2019,4,19,26,17,4,4,278,150,0,0,220,124,0,0,89,58,0,0,81,48,0,0,71,43,0,0,42,23,0,0,0,0,0,0,0,0,0,0,0,0,0,0,0,0,0,0,0,0,0,0,0,0,0,0,946,545,0,0,4,5,3,13,1,0,,,,,,,,,,,,
34,private,Koh Kong,2019,29,159,190,118,23,12,698,344,31,12,630,315,18,11,380,205,12,6,357,177,15,6,267,134,3,0,231,106,0,0,161,103,0,0,121,50,0,0,92,46,7,2,20,8,0,0,0,0,0,0,0,0,0,0,4133,2101,86,37,23,19,109,36,3,0,,,,,,,,,,,,
35,private,Kratie,2019,8,34,76,43,35,20,172,103,10,6,136,96,5,2,44,23,0,0,32,23,0,0,9,5,0,0,4,3,0,0,19,11,0,0,24,7,1,0,23,13,2,2,21,11,0,0,15,10,0,0,9,3,1,0,706,395,19,10,3,3,12,51,7,0,,,,,,,,,,,,
36,private,Mondul Kiri,2019,8,20,40,30,16,14,65,27,0,0,48,28,0,0,36,10,0,0,26,9,0,0,25,10,0,0,19,11,0,0,10,5,0,0,0,0,0,0,0,0,0,0,0,0,0,0,0,0,0,0,0,0,0,0,406,190,0,0,0,5,11,23,1,0,,,,,,,,,,,,
37,private,Otdar Meanchey,2019,6,51,29,20,5,2,275,126,29,11,261,102,13,1,149,80,2,1,128,52,4,3,116,57,0,0,114,56,0,0,0,0,0,0,0,0,0,0,0,0,0,0,0,0,0,0,0,0,0,0,0,0,0,0,1361,625,48,16,0,2,26,1,0,0,,,,,,,,,,,,
38,private,Pailin,2019,20,116,103,89,19,9,497,233,0,0,394,201,2,1,322,169,0,0,203,96,0,0,163,78,0,0,147,72,1,0,0,0,0,0,0,0,0,0,0,0,0,0,0,0,0,0,0,0,0,0,0,0,0,0,2400,1156,3,1,0,5,49,49,0,0,,,,,,,,,,,,
39,private,Phnom Penh,2019,638,5947,8425,4892,5196,3116,15153,7301,398,150,15604,7678,357,184,12487,6286,227,122,10495,5125,227,102,10337,5178,246,105,9966,4928,182,90,8173,4108,44,16,6480,3251,26,11,6159,3160,100,41,5799,2951,5,1,4799,2498,9,0,4086,2119,33,14,133809,66571,1854,836,68,368,1774,5693,510,12,,,,,,,,,,,,
40,private,Preah Sihanouk,2019,48,343,518,275,137,90,921,413,87,35,875,411,29,19,680,332,12,8,508,223,8,1,501,249,11,2,479,238,1,1,455,208,12,3,406,189,12,0,350,179,7,4,323,157,0,0,258,111,0,0,224,106,1,0,7962,3709,180,73,8,57,193,239,14,7,,,,,,,,,,,,
41,private,Preah Vihear,2019,4,19,21,15,5,3,37,19,1,1,35,15,2,0,22,12,0,0,27,8,1,0,17,8,0,0,19,8,0,0,0,0,0,0,0,0,0,0,0,0,0,0,0,0,0,0,0,0,0,0,0,0,0,0,217,105,4,1,0,0,9,12,0,0,,,,,,,,,,,,
42,private,Prey Veng,2019,7,26,45,29,11,6,90,31,2,1,85,33,0,0,55,21,0,0,13,7,0,0,0,0,0,0,0,0,0,0,0,0,0,0,0,0,0,0,0,0,0,0,42,23,0,0,45,31,0,0,45,22,0,0,552,239,2,1,1,2,3,34,5,0,,,,,,,,,,,,
43,private,Pursat,2019,11,46,77,65,34,26,326,159,0,0,169,86,0,0,95,52,0,0,40,23,0,0,63,29,0,0,20,15,0,0,0,0,0,0,0,0,0,0,0,0,0,0,0,0,0,0,0,0,0,0,0,0,0,0,1406,685,0,0,12,1,21,41,2,0,,,,,,,,,,,,
44,private,Ratanak Kiri,2019,13,132,290,162,179,100,264,149,10,3,349,172,3,1,269,129,0,0,218,109,0,0,203,88,0,0,195,87,0,0,123,56,0,0,94,40,0,0,102,39,4,3,68,27,0,0,40,23,0,0,53,21,0,0,2971,1407,17,7,0,3,143,141,3,0,,,,,,,,,,,,
45,private,Siemreap,2019,83,581,921,611,280,186,1215,592,40,11,1099,537,14,5,809,426,9,4,674,341,6,1,549,269,1,0,517,270,2,0,512,258,4,1,394,187,3,0,327,180,2,0,252,114,0,0,271,100,1,0,162,83,0,0,12504,6318,82,22,4,12,247,632,24,2,,,,,,,,,,,,
46,private,Stung Treng,2019,11,51,70,43,11,7,63,26,17,8,80,36,3,0,52,24,1,0,39,10,3,0,52,28,1,0,34,21,2,0,29,13,0,0,25,13,0,0,19,14,0,0,0,0,0,0,0,0,0,0,4,2,0,0,863,432,27,8,0,3,31,35,0,1,,,,,,,,,,,,
47,private,Svay Rieng,2019,13,41,66,54,48,33,179,98,13,3,88,44,2,0,86,47,0,0,75,46,0,0,27,12,0,0,18,8,0,0,0,0,0,0,0,0,0,0,0,0,0,0,0,0,0,0,0,0,0,0,0,0,0,0,448,207,15,3,4,5,40,17,0,0,,,,,,,,,,,,
48,private,Takeo,2019,40,174,346,152,122,62,268,121,5,2,264,129,3,2,181,115,5,1,159,73,2,0,143,59,0,0,90,30,0,0,292,148,2,0,222,99,2,1,188,82,0,0,220,105,3,1,197,78,0,0,153,83,2,0,3557,1687,24,7,7,16,94,205,24,0,,,,,,,,,,,,
49,private,Tbaung Khmum,2019,31,160,268,174,48,23,476,235,29,12,365,181,24,13,315,167,22,12,264,138,15,7,382,163,8,5,264,159,5,2,442,320,1,1,380,292,1,1,273,236,8,8,213,162,0,0,92,76,0,0,79,64,0,0,4365,2584,113,61,4,14,75,168,6,1,,,,,,,,,,,,
50,private,Banteay Meanchey,2020,140,908,1261,714,246,131,2797,1306,113,41,2067,1003,44,18,1808,850,19,8,1834,897,15,6,1644,855,10,2,1519,762,3,0,1397,707,15,6,1297,651,9,3,1216,644,7,2,835,450,3,3,678,327,4,3,566,272,34,15,20437,10067,276,107,18,72,535,559,73,4,,,,,,,,,,,,
51,private,Battambang,2020,61,484,939,569,351,216,960,442,48,27,756,328,10,4,655,313,3,2,648,301,6,3,532,243,4,0,479,242,1,0,627,310,5,2,612,321,7,2,636,331,12,5,601,333,2,1,585,308,0,0,577,318,15,10,9270,4563,113,56,17,66,244,512,100,0,,,,,,,,,,,,
52,private,Kampong Cham,2020,36,246,284,176,71,33,493,248,11,6,363,181,11,1,382,192,15,3,405,213,0,0,330,173,10,5,291,168,0,0,232,128,2,0,244,120,0,0,266,138,0,0,163,77,0,0,104,42,0,0,104,50,0,0,4195,2144,49,15,16,11,117,138,2,0,,,,,,,,,,,,
53,private,Kampong Chhnang,2020,28,175,328,205,87,60,441,192,4,3,349,151,3,1,331,158,1,0,299,135,0,0,305,151,0,0,195,88,0,0,241,88,1,0,208,77,0,0,207,87,0,0,137,46,0,0,127,42,0,0,92,31,0,0,3706,1640,9,4,7,17,142,158,4,0,,,,,,,,,,,,
54,private,Kampong Speu,2020,64,460,591,378,133,59,1287,614,52,18,1033,512,38,10,801,376,18,4,620,303,9,3,466,217,13,3,338,173,0,0,329,146,0,0,198,97,0,0,182,104,0,0,91,44,0,0,74,33,0,0,74,43,6,3,7781,3746,136,41,57,18,191,298,26,1,,,,,,,,,,,,
55,private,Kampong Thom,2020,55,204,309,174,74,39,899,431,35,13,647,308,41,20,425,204,30,16,385,167,15,7,283,144,17,11,299,156,18,10,219,115,0,0,203,111,0,0,135,63,3,0,91,43,0,0,88,38,0,0,49,25,1,1,4551,2205,160,78,58,23,83,135,10,0,,,,,,,,,,,,
56,private,Kampot,2020,42,327,568,292,94,59,1365,723,21,10,1077,580,18,7,1025,549,8,7,719,382,3,2,492,274,1,1,442,229,5,5,597,300,12,11,449,221,3,1,502,250,3,2,392,201,1,1,375,215,0,0,379,195,0,0,8698,4592,75,47,41,69,144,283,31,0,,,,,,,,,,,,
57,private,Kandal,2020,88,620,753,455,326,168,1844,929,73,32,1462,735,26,12,1338,676,37,14,1149,601,20,8,906,446,28,12,763,426,22,7,879,367,4,2,805,388,2,1,772,379,2,0,648,316,1,1,512,221,2,0,494,241,5,1,14542,7164,222,90,40,52,255,368,37,1,,,,,,,,,,,,
58,private,Kep,2020,3,18,25,19,4,3,214,116,0,0,135,82,0,0,83,49,0,0,32,17,0,0,19,12,0,0,16,6,0,0,0,0,0,0,0,0,0,0,0,0,0,0,0,0,0,0,0,0,0,0,0,0,0,0,536,300,0,0,14,1,0,10,0,0,,,,,,,,,,,,
59,private,Koh Kong,2020,18,91,119,78,25,7,430,218,2,1,283,157,3,1,305,145,2,1,234,121,2,1,193,106,1,0,166,87,0,0,46,28,0,0,52,18,0,0,61,35,0,0,0,0,0,0,0,0,0,0,0,0,0,0,2307,1189,10,4,8,13,65,32,1,0,,,,,,,,,,,,
60,private,Kratie,2020,9,61,87,68,74,47,523,319,0,0,168,97,2,0,104,63,0,0,43,16,0,0,39,18,1,0,15,5,0,0,21,12,0,0,13,6,0,0,24,11,0,0,14,4,0,0,20,13,0,0,25,14,1,1,1192,662,4,1,21,6,16,34,10,0,,,,,,,,,,,,
61,private,Mondul Kiri,2020,9,34,60,34,30,12,94,44,3,2,59,27,1,1,56,20,1,0,39,20,0,0,32,14,1,0,23,11,0,0,35,12,2,1,37,14,0,0,29,12,0,0,18,10,0,0,15,5,0,0,13,7,0,0,550,251,8,4,0,3,28,28,1,0,,,,,,,,,,,,
62,private,Otdar Meanchey,2020,12,75,81,55,10,4,445,211,16,7,334,156,14,3,262,111,4,2,298,125,0,0,202,102,0,0,157,70,0,0,0,0,0,0,0,0,0,0,0,0,0,0,0,0,0,0,0,0,0,0,0,0,0,0,2008,930,34,12,1,8,63,7,2,0,,,,,,,,,,,,
63,private,Pailin,2020,17,96,79,66,24,12,340,167,10,4,264,127,3,1,229,105,2,1,148,69,0,0,134,67,2,1,124,73,0,0,0,0,0,0,0,0,0,0,0,0,0,0,0,0,0,0,0,0,0,0,0,0,0,0,1721,835,17,7,0,6,51,22,0,0,,,,,,,,,,,,
64,private,Phnom Penh,2020,776,6072,6847,4067,4358,2731,14064,6772,303,152,11589,5851,181,101,10893,5401,236,114,10790,5318,127,64,9139,4563,110,53,7473,3832,54,51,7696,3857,53,32,7213,3686,43,15,6721,3614,48,17,5461,2750,14,5,5026,2623,11,4,4482,2366,7,0,117304,59085,1187,608,212,340,1155,4475,583,82,,,,,,,,,,,,
65,private,Preah Sihanouk,2020,61,506,533,294,109,59,1346,654,112,53,1034,507,36,14,795,373,13,2,644,345,11,4,590,276,2,0,453,226,5,2,418,189,0,0,383,187,0,0,372,174,4,1,311,145,0,0,256,115,0,0,266,128,1,0,8573,4126,184,76,12,44,168,288,21,0,,,,,,,,,,,,
66,private,Preah Vihear,2020,4,13,14,11,10,8,63,26,3,1,18,14,0,0,11,5,1,0,14,8,0,0,13,5,0,0,7,1,0,0,0,0,0,0,0,0,0,0,0,0,0,0,0,0,0,0,0,0,0,0,0,0,0,0,180,83,4,1,0,3,11,0,0,0,,,,,,,,,,,,
67,private,Prey Veng,2020,5,14,33,19,5,3,14,7,0,0,0,0,0,0,12,4,0,0,7,5,0,0,2,1,0,0,2,2,0,0,0,0,0,0,0,0,0,0,0,0,0,0,45,29,0,0,45,26,0,0,45,31,0,0,247,145,0,0,0,1,9,20,3,0,,,,,,,,,,,,
68,private,Pursat,2020,6,33,45,39,22,14,61,35,0,0,34,19,0,0,16,8,0,0,8,4,0,0,3,1,0,0,8,2,0,0,0,0,0,0,0,0,0,0,0,0,0,0,0,0,0,0,0,0,0,0,0,0,0,0,710,366,0,0,0,0,26,17,2,0,,,,,,,,,,,,
69,private,Ratanak Kiri,2020,12,122,151,85,33,21,343,140,0,0,212,88,0,0,135,77,0,0,168,83,0,0,160,89,0,0,117,61,0,0,125,51,0,0,102,48,1,0,86,40,0,0,76,29,0,0,75,31,0,0,73,36,0,0,2197,1041,1,0,0,17,58,75,1,0,,,,,,,,,,,,
70,private,Siemreap,2020,123,823,1397,915,546,347,1499,772,72,37,1060,519,24,8,1033,467,20,7,1085,516,4,1,851,425,19,12,706,346,7,2,827,416,6,0,843,417,3,2,833,407,3,3,666,326,2,1,593,307,1,0,518,255,5,4,18412,6934,166,77,33,68,464,766,63,3,,,,,,,,,,,,
71,private,Stung Treng,2020,10,49,43,32,14,10,122,64,0,0,68,30,0,0,48,25,0,0,35,21,0,0,36,22,0,0,35,13,0,0,37,19,0,0,18,6,0,0,18,11,0,0,15,10,0,0,7,6,0,0,0,0,0,0,671,347,0,0,3,10,24,6,0,0,,,,,,,,,,,,
72,private,Svay Rieng,2020,8,26,44,38,19,14,71,27,0,0,43,24,2,1,36,15,0,0,21,8,0,0,20,4,0,0,23,10,0,0,0,0,0,0,0,0,0,0,0,0,0,0,0,0,0,0,0,0,0,0,0,0,0,0,373,166,2,1,2,2,20,20,0,0,,,,,,,,,,,,
73,private,Takeo,2020,52,274,468,241,181,91,826,384,3,1,658,328,12,6,427,199,3,3,483,242,4,2,425,233,4,2,368,192,4,0,224,118,4,0,224,119,0,0,210,103,2,0,218,99,0,0,185,86,2,1,167,88,4,2,5697,2797,42,17,21,39,204,177,25,2,,,,,,,,,,,,
74,private,Tbaung Khmum,2020,27,164,243,155,34,19,400,208,14,5,349,180,17,10,324,153,23,8,263,140,19,13,226,119,10,8,203,120,10,9,729,399,23,17,574,330,13,11,475,232,3,3,293,234,1,1,179,147,0,0,134,94,0,0,4692,2671,133,85,1,3,96,140,3,0,,,,,,,,,,,,
