Province,Table_1 | Number of Schools,Table_1 | Disadv. Schools,Table_1 | Number of Classes,Table_1 | Number of Classroom,Table_1 | Classes in Pagoda,Table_1 | Enrollment | Total,Table_1 | Enrollment | Girl,Table_1 | Repeaters | Total,Table_1 | Repeaters | Girl,Table_1 | Teaching Staff | Total,Table_1 | Teaching Staff | Female,Table_1 | Non-Teaching Staff | Total,Table_1 | Non-Teaching Staff | Female,Table_1 | Total Staff | Total,Table_1 | Total Staff | Female,Table_2 | Number of Schools | Pre-Sch.,Table_2 | Number of Schools | Primary,Table_2 | Number of Schools | College,Table_2 | Number of Schools | Lycee,Table_2 | 2 - Shift Schools | Lycee,Table_2 | Floating Schools | Lycee,Table_2 | Schools in Pagoda | Lycee,Table_2 | Attached Pre-Sch. | Lycee,Table_2 | Schools Without | Water Sup.,Table_2 | Schools Without | Latrine,Table_2 | Characteristics of School Principals (Incharge) | Avg. Age,Table_2 | Characteristics of School Principals (Incharge) | Avg.Service,Table_2 | Characteristics of School Principals (Incharge) | U.Sec+ Ed.,Table_2 | Characteristics of School Principals (Incharge) | Female,Table_3 | Number of Primary Schools,Table_3 | Number of Cluster Schools,Table_3 | Satelite School | school,Table_3 | Satelite School | class,Table_3 | Number of schools in Pagoda | Pre school Schools,Table_3 | Number of schools in Pagoda | Pre school Classes,Table_3 | Number of schools in Pagoda | Primary School Schools,Table_3 | Number of schools in Pagoda | Primary School Classes,Table_3 | Number of schools in Pagoda | Junior high school Schools,Table_3 | Number of schools in Pagoda | Junior high school Classes,Table_3 | Number of schools in Pagoda | Senior high school Schools,Table_3 | Number of schools in Pagoda | Senior high school Classes,Table_4 | Enrollment in Grade 1 | Total,Table_4 | Enrollment in Grade 1 | Girl,Table_4 | Repeaters in Grade 1 | Total,Table_4 | Repeaters in Grade 1 | Girl,Table_4 | Enrollment in Grade 2 | Total,Table_4 | Enrollment in Grade 2 | Girl,Table_4 | Repeaters in Grade 2 | Total,Table_4 | Repeaters in Grade 2 | Girl,Table_4 | Enrollment in Grade 3 | Total,Table_4 | Enrollment in Grade 3 | Girl,Table_4 | Repeaters in Grade 3 | Total,Table_4 | Repeaters in Grade 3 | Girl,Table_5 | Enrollment in Grade 4 | Total,Table_5 | Enrollment in Grade 4 | Girl,Table_5 | Repeaters in Grade 4 | Total,Table_5 | Repeaters in Grade 4 | Girl,Table_5 | Enrollment in Grade 5 | Total,Table_5 | Enrollment in Grade 5 | Girl,Table_5 | Repeaters in Grade 5 | Total,Table_5 | Repeaters in Grade 5 | Girl,Table_5 | Enrollment in Grade 6 | Total,Table_5 | Enrollment in Grade 6 | Girl,Table_5 | Repeaters in Grade 6 | Total,Table_5 | Repeaters in Grade 6 | Girl,Table_6 | Enrollment in Grade 7 | Total,Table_6 | Enrollment in Grade 7 | Girl,Table_6 | Repeaters in Grade 7 | Total,Table_6 | Repeaters in Grade 7 | Girl,Table_6 | Enrollment in Grade 8 | Total,Table_6 | Enrollment in Grade 8 | Girl,Table_6 | Repeaters in Grade 8 | Total,Table_6 | Repeaters in Grade 8 | Girl,Table_6 | Enrollment in Grade 9 | Total,Table_6 | Enrollment in Grade 9 | Girl,Table_6 | Repeaters in Grade 9 | Total,Table_6 | Repeaters in Grade 9 | Girl,Table_7 | Enrollment in Grade 10 | Total,Table_7 | Enrollment in Grade 10 | Girl,Table_7 | Repeaters in Grade 10 | Total,Table_7 | Repeaters in Grade 10 | Girl,Table_7 | Enrollment in Grade 11 | Total,Table_7 | Enrollment in Grade 11 | Girl,Table_7 | Repeaters in Grade 11 | Total,Table_7 | Repeaters in Grade 11 | Girl,Table_7 | Enrollment in Grade 12 | Total,Table_7 | Enrollment in Grade 12 | Girl,Table_7 | Repeaters in Grade 12 | Total,Table_7 | Repeaters in Grade 12 | Girl,Table_8 | Grade 1 Intake | Total,Table_8 | Grade 1 Intake | Aged 6,Table_8 | Primary Enrollment | Total,Table_8 | Primary Enrollment | Aged 11+,Table_8 | Grade 7 Intake | Total,Table_8 | Grade 7 Intake | Aged 12,Table_8 | L. Sec. Enrollment | Total,Table_8 | L. Sec. Enrollment | Aged 14+,Table_8 | Grade 10 Intake | Total,Table_8 | Grade 10 Intake | Aged 15,Table_8 | U. Sec. Enrollment | Total,Table_8 | U. Sec. Enrollment | Aged 17+,Table_8 | % Over-age Enrollment in | Primary,Table_8 | % Over-age Enrollment in | L. Sec.,Table_8 | % Over-age Enrollment in | U. Sec.,Table_9 | Education Level of Teaching Staff | Primary,Table_9 | Education Level of Teaching Staff | L.Sec.,Table_9 | Education Level of Teaching Staff | U.Sec.,Table_9 | Education Level of Teaching Staff | Graduate,Table_9 | Education Level of Teaching Staff | Post Gaduate,Table_9 | Education Level of Teaching Staff | PhD,Table_9 | Education Level of Non-Teaching Staff | Primary,Table_9 | Education Level of Non-Teaching Staff | L.Sec.,Table_9 | Education Level of Non-Teaching Staff | U.Sec.,Table_9 | Education Level of Non-Teaching Staff | Graduate,Table_9 | Education Level of Non-Teaching Staff | Post Graduate,Table_9 | Education Level of Non-Teaching Staff | PhD,Table_9 | Teaching Staff without Pedagogy Training | Primary,Table_9 | Teaching Staff without Pedagogy Training | L.Sec.,Table_9 | Teaching Staff without Pedagogy Training | U.Sec.,Table_9 | Teaching Staff without Pedagogy Training | Graduate,Table_9 | Teaching Staff without Pedagogy Training | Post Graduate,Table_9 | Teaching Staff without Pedagogy Training | PhD,Table_10 | Total Number of | Buildings,Table_10 | Total Number of | Rooms,Table_10 | Concrete/Brick Structure | Buildings,Table_10 | Concrete/Brick Structure | Rooms,Table_10 | Wooden Structure | Buildings,Table_10 | Wooden Structure | Rooms,Table_10 | Bamboo Structure | Buildings,Table_10 | Bamboo Structure | Rooms,Table_10 | New Buildings | Repaired,Table_10 | New Buildings | Constructed,Table_10 | Classroom Without Good | Floor,Table_10 | Classroom Without Good | Roof,Table_10 | Classroom Without Good | Wall,Table_11 | Number of | Classrooms,Table_11 | Number of Classrooms | in Pagoda,Table_11 | Number of Classrooms | New Repaired,Table_11 | Number of Classrooms | New Constr.,Table_11 | Classrooms Without Good | Floor,Table_11 | Classrooms Without Good | Roof,Table_11 | Classrooms Without Good | Wall,Table_11 | Schools with Separate | Office,Table_11 | Schools with Separate | Library,Table_12 | School Area (m2) | Land,Table_12 | School Area (m2) | Playground,Table_12 | Cl.room Area per Student | Playground,Table_12 | Pre-School with Sport Facility | Playground,"Table_12 | Schools with Sport Ground, Equipment and Teams / Player for | Volleyball","Table_12 | Schools with Sport Ground, Equipment and Teams / Player for | Football","Table_12 | Schools with Sport Ground, Equipment and Teams / Player for | Basketball","Table_12 | Schools with Sport Ground, Equipment and Teams / Player for | Climb.Ropes","Table_12 | Schools with Sport Ground, Equipment and Teams / Player for | Shotput","Table_12 | Schools with Sport Ground, Equipment and Teams / Player for | High Jump","Table_12 | Schools with Sport Ground, Equipment and Teams / Player for | Long Jump","Table_12 | Schools with Sport Ground, Equipment and Teams / Player for | Running",Table_13 | Parent Association | Exists,Table_13 | Parent Association | Held Meet.,Table_13 | Parent Association | Total,Table_13 | Parent Association | Female,Table_13 | Commu. Teachers | Female,Table_13 | Teaching Monks | Female,Table_13 | PB Fund (Riel) | per Student,Table_13 | PB Fund (Riel) | per School,Table_13 | Number of Schools Obtaining Funds from | Sch. Income,Table_13 | Number of Schools Obtaining Funds from | Community,Table_13 | Number of Schools Obtaining Funds from | Gvt. For building,Table_13 | Number of Schools Obtaining Funds from | Abroad,Table_13 | Number of Schools Obtaining Funds from | IOs/NGOs,Table_14 | Aged 6 | Total,Table_14 | Aged 6 | Girl,Table_14 | Aged 6-11 | Total,Table_14 | Aged 6-11 | Girl,Table_14 | Aged 12-14 | Total,Table_14 | Aged 12-14 | Girl,Table_14 | Aged 15-17 | Total,Table_14 | Aged 15-17 | Girl,Table_14 | Sex-Ratio of Population | Aged 6,Table_14 | Sex-Ratio of Population | 6-11,Table_14 | Sex-Ratio of Population | 12-14,Table_14 | Sex-Ratio of Population | 15-17,Table_15 | Pupils per School,Table_15 | Teachers per School,Table_15 | Staff per School,Table_15 | Buildings per School,Table_15 | Rooms per School,Table_15 | Classrooms per School,Table_15 | Classes per School,Table_15 | Percentage of Schools | 2 - shift,Table_15 | Percentage of Schools | in Pagoda,Table_15 | Percentage of Schools | w/o Water,Table_15 | Percentage of Schools | w/o Toilet,Table_16 | Pupil Teacher Ratio,Table_16 | Pupil Staff Ratio,Table_16 | Pupil Class Ratio,Table_16 | Pupil Classroom Ratio,Table_16 | Classes per Classroom,Table_16 | Classroom Area (m2) per Pupil,Table_16 | Percentage of Total Students in | Pre-school,Table_16 | Percentage of Total Students in | Primary,Table_16 | Percentage of Total Students in | Lower Secondary,Table_16 | Percentage of Total Students in | Upper Secondary,Table_16 | Percentage of | Non-tching Staff,Table_16 | Percentage of | Female Staff,Table_17 | % Repeaters (Total) | Primary,Table_17 | % Repeaters (Total) | L.Sec.,Table_17 | % Repeaters (Total) | U.Sec.,Table_17 | % Over-age Enrollment (Total) | Primary,Table_17 | % Over-age Enrollment (Total) | L.Sec.,Table_17 | % Over-age Enrollment (Total) | U.Sec.,Table_17 | % Repeaters (Girl) | Primary,Table_17 | % Repeaters (Girl) | L.Sec.,Table_17 | % Repeaters (Girl) | U.Sec.,Table_17 | % Over-age Enrollment  (Girl) | Primary,Table_17 | % Over-age Enrollment  (Girl) | L.Sec.,Table_17 | % Over-age Enrollment  (Girl) | U.Sec.,Table_18 | Gross Admission Rate | Total,Table_18 | Gross Admission Rate | Girl,Table_18 | Net Admission Rate | Total,Table_18 | Net Admission Rate | Girl,Table_18 | % Over-age (6+) Admission | Total,Table_18 | % Over-age (6+) Admission | Girl,Table_18 | Transition Rate to Lower Sec. 2022/2023 | Total,Table_18 | Transition Rate to Lower Sec. 2022/2023 | Girl,Table_18 | Transition Rate to Upper Sec. 2022/2023 | Total,Table_18 | Transition Rate to Upper Sec. 2022/2023 | Girl,Table_19 | Grade 1 | Promotion,Table_19 | Grade 1 | Repetition,Table_19 | Grade 1 | Dropout,Table_19 | Grade 2 | Promotion,Table_19 | Grade 2 | Repetition,Table_19 | Grade 2 | Dropout,Table_19 | Grade 3 | Promotion,Table_19 | Grade 3 | Repetition,Table_19 | Grade 3 | Dropout,Table_19 | Grade 4 | Promotion,Table_19 | Grade 4 | Repetition,Table_19 | Grade 4 | Dropout,Table_20 | Grade 5 | Promotion,Table_20 | Grade 5 | Repetition,Table_20 | Grade 5 | Dropout,Table_20 | Grade 6 | Promotion,Table_20 | Grade 6 | Repetition,Table_20 | Grade 6 | Dropout,Table_20 | Grade 7 | Promotion,Table_20 | Grade 7 | Repetition,Table_20 | Grade 7 | Dropout,Table_20 | Grade 8 | Promotion,Table_20 | Grade 8 | Repetition,Table_20 | Grade 8 | Dropout,Table_21 | Grade 9 | Promotion,Table_21 | Grade 9 | Repetition,Table_21 | Grade 9 | Dropout,Table_21 | Grade 10 | Promotion,Table_21 | Grade 10 | Repetition,Table_21 | Grade 10 | Dropout,Table_21 | Grade 11 | Promotion,Table_21 | Grade 11 | Repetition,Table_21 | Grade 11 | Dropout,Table_21 | Grade 12 | Promotion,Table_21 | Grade 12 | Repetition,Table_21 | Grade 12 | Dropout
Banteay Meanchey,821,1,4940,4088,27,167008,84106,4051,1381,4851,2619,932,230,5783,2849,327,410,54,30,258,0,17,306,586,583,45.5,24.7,588,118,410,86,324,2263,6,7,10,73,1,4,0,0,17593,8258,1012,367,18620,8842,723,259,18271,8679,518,159,16957,8322,369,120,15119,7356,289,84,14468,7247,222,61,12034,6234,276,83,10087,5441,191,56,8677,4756,157,62,6611,3776,141,47,5582,3218,71,32,4687,2794,82,51,16581,13814,101028,10841,11758,6773,30798,5866,6470,4129,16880,2681,10.7,19,15.9,153,625,2003,1918,150,2,24,152,301,381,74,0,2,6,31,22,2,0,1319,6039,1117,5439,197,584,5,16,56,58,348,348,348,4088,27,187,348,348,348,348,125,161,421469,5165,1.4,156,143,158,19,17,38,66,63,73,677,639,7,2,7,2,55011,11068083,111,22,14,40,45,18491,8823,114901,55405,59547,28931,51228,25138,109.6,107.4,105.8,103.8,203.4,5.9,7,1.4,1,5,6,31.4,2.1,28.6,29,34.4,28.9,33.8,40.9,1.2,1.4,11,60.5,18.4,10.1,16.1,49.3,3.1,2,1.7,10.7,19,15.9,2.2,1.2,1.3,9.5,16.9,14.3,89.7,89.4,74.7,75.7,16.7,15.3,82.4,85.5,76.5,79.7,89.7,5.1,5.2,91.5,3.7,4.8,92.1,2.9,5,91.9,2.3,5.8,91.8,1.9,6.4,91.3,1.6,7.1,79.7,2.2,18.1,84.1,1.9,14,82.4,1.9,15.7,84.4,2.2,13.4,91.6,1.4,7,68,1.8,30.2
Battambang,1175,5,7899,5938,79,263866,131897,11427,4135,7147,4369,1809,685,8956,5054,398,650,97,30,549,2,52,368,967,951,41.9,24.1,971,257,650,157,493,3639,21,39,27,272,4,34,0,0,30833,14245,3431,1277,31724,14777,1988,676,29867,14417,1496,520,26438,12746,967,357,24599,11945,726,215,23678,11740,613,216,19595,10283,648,229,15492,8297,403,165,13632,7368,498,159,10725,6133,266,118,8823,5044,136,61,7514,4348,255,142,27402,22895,167139,25485,18947,10484,48719,10523,10459,6642,27062,4926,15.2,21.6,18.2,125,821,2378,3451,369,3,37,242,497,837,193,3,11,15,26,23,4,0,2010,8430,1641,7357,361,1056,8,17,171,146,656,656,656,5938,79,579,656,656,656,656,223,187,28433,4294,1.3,265,197,181,38,38,70,109,104,115,1139,1117,7,2,2,5,62613,12871499,188,38,47,66,44,23582,11292,142389,68788,76372,36955,62564,30272,108.8,107,106.7,106.7,224.6,6.1,7.6,1.4,0.9,5.1,6.7,46.7,4.4,17.7,19.1,36.9,29.5,33.4,44.4,1.3,1.3,7.9,63.3,18.5,10.3,20.2,56.4,5.5,3.2,2.4,15.2,21.6,18.2,4.1,2.1,2.1,14.2,19.1,16.7,116.2,114.8,97.1,97.8,16.4,14.9,82.5,86.4,77,81.3,85.6,9.9,4.6,88.9,6.2,4.8,89.8,5.3,4.9,91,3.7,5.4,90.6,2.9,6.6,85.1,2.7,12.2,79.6,3.4,17,84.4,2.6,13,77.4,3.7,19,80.9,2.5,16.6,90.9,1.7,7.4,64.5,3.4,32.1
Kampong Cham,830,2,6712,5037,168,228045,113580,11855,4251,5886,3515,1749,702,7635,4217,296,410,81,43,296,0,138,288,662,533,45.6,28.8,524,118,410,66,344,3487,50,106,81,1265,5,26,2,42,25377,11697,3343,1254,25431,11809,2341,819,24460,11445,1753,636,22392,10832,1303,465,21161,10138,917,325,19834,9817,708,242,16921,8577,450,138,14891,7872,334,126,13002,7207,346,116,10588,5977,151,48,8935,5211,82,26,7522,4354,127,56,22034,19603,138655,17505,16471,9333,44814,8526,10437,6086,27045,4123,12.6,19,15.2,262,1260,2130,2088,146,0,94,456,613,497,89,0,8,18,39,48,9,0,1560,7157,1499,6973,60,183,1,1,80,46,270,270,270,5037,168,299,270,270,270,270,144,159,9590,6266,1.28,97,115,41,15,24,31,40,41,43,677,643,7,2,6,11,45704,11686926,61,6,30,14,18,20163,9774,122800,59614,69282,33817,53953,26242,106.3,106,104.9,105.6,274.8,7.1,9.2,1.8,1,6.1,8.1,35.7,16.6,20.2,35.8,38.7,29.9,34,45.3,1.3,1.3,7.7,60.8,19.7,11.9,22.9,55.2,7.5,2.5,1.3,12.6,19,15.2,5.7,1.6,0.8,11.8,16.7,13.6,109.3,106.8,97.2,96.5,11,9.7,83.9,86.2,83.8,88,84.5,12.2,3.2,86.8,8.9,4.2,88,7.3,4.6,89.9,5.8,4.4,90.3,4.3,5.4,83.6,3.6,12.8,84.5,2.6,12.9,88.1,2.3,9.5,61.4,2.8,35.8,88.4,1.5,10.1,91.7,1,7.2,71.3,1.7,27.1
Kampong Chhnang,478,2,3341,2617,29,123961,62751,5131,1630,3578,1790,819,241,4397,2031,119,281,61,17,181,1,42,89,388,394,41.2,24.3,385,86,281,48,233,1713,8,12,27,218,7,30,0,0,14020,6604,1513,557,14272,6719,1025,322,13673,6658,755,240,12375,6035,561,158,11213,5543,402,115,10771,5452,254,70,9653,4972,218,54,8409,4485,118,35,7688,4233,147,34,5669,3238,50,11,4504,2619,16,2,3878,2240,72,32,12507,11493,76324,6744,9435,5763,25750,4437,5619,3514,14051,1660,8.8,17.2,11.8,40,395,1305,1741,97,0,10,135,265,360,49,0,0,0,1,4,0,0,918,4227,858,4071,58,153,2,3,33,23,110,110,110,2617,29,121,110,110,110,110,95,92,17843,6943,1.19,53,110,89,25,30,47,103,99,95,442,430,9,3,2,0,74093,17478339,128,16,7,40,48,12412,6111,71780,35013,39770,19634,32631,15637,103.1,105,102.6,108.7,259.3,7.5,9.2,1.8,0.6,5.5,7,37.9,8.8,18.8,17.6,34.6,28.2,37.1,47.4,1.3,1.2,6.3,61.6,20.8,11.3,18.6,46.2,5.9,1.9,1,8.8,17.2,11.8,4,0.9,0.6,7.7,14.9,10.1,100.8,99,92.6,91.5,8.1,7.6,88.7,91.6,77.5,81.2,88,10.1,1.9,91,7.2,1.8,91.4,5.8,2.7,91.9,4.8,3.4,93.1,3.6,3.3,90.8,2.4,6.8,87.3,2.3,10.4,90.2,1.4,8.4,77.2,2,20.8,87.2,1,11.8,92.7,0.4,6.9,67.4,1.7,30.8
Kampong Speu,644,3,4306,3460,33,178499,88556,5572,1946,4391,2034,891,178,5282,2212,231,316,70,27,245,0,46,220,546,515,42.8,24.9,471,55,316,51,265,2257,17,26,26,238,2,13,1,15,20224,9505,1573,589,20950,9878,1030,347,19816,9443,891,303,18455,9116,663,215,17255,8392,508,179,15596,7720,331,123,13961,7033,191,64,11764,6151,122,35,10305,5353,178,60,7339,3958,26,7,5902,3252,6,3,4815,2643,53,21,18651,15753,112296,10106,13770,7848,36030,7107,7313,4422,18056,2948,9,19.7,16.3,90,805,1599,1769,127,1,36,171,282,337,65,0,4,27,12,65,5,0,1225,5301,1169,5143,53,154,3,4,48,38,195,195,195,3460,21,157,195,195,195,195,102,148,17684,12385,1.3,114,260,220,32,30,50,193,195,188,588,568,7,1,6,0,46675,12075686,144,20,23,27,22,18619,8956,109844,53318,60814,29419,53968,25888,107.9,106,106.7,108.5,277.2,6.8,8.2,1.8,1,5.4,6.7,38,7.1,15.2,20,40.7,33.8,41.5,51.6,1.2,1.3,6.8,62.9,20.2,10.1,16.9,41.9,4.4,1.4,0.5,9,19.7,16.3,3.2,0.9,0.3,8.2,17.9,13.9,100.2,99.6,84.6,85.2,15.5,14.4,85.7,88.9,75.8,79.5,89.9,7.1,3,92.7,5,2.2,92.4,4.6,3,91.8,3.6,4.6,92.4,3.1,4.5,93.4,2.1,4.6,84.6,1.4,14.1,80.8,1,18.2,82.8,1.8,15.4,89.3,0.4,10.3,94.8,0.1,5.1,75.6,1.2,23.2
Kampong Thom,807,4,4802,3878,66,164508,83827,7350,2614,4577,2623,816,209,5393,2832,217,498,67,25,316,6,71,203,703,663,34.4,23,623,163,498,87,411,2576,21,28,50,344,0,0,0,0,20578,9598,2437,979,20245,9763,1442,508,19251,9394,1037,342,16909,8366,734,217,15155,7559,511,156,13856,7251,294,92,11762,6217,334,113,9889,5436,146,49,8475,4649,286,110,6546,3741,59,19,5541,3148,26,9,5087,2991,44,20,18141,15341,105994,11455,11428,5711,30126,6506,6487,3625,17174,3135,10.8,21.6,18.3,209,568,1828,1810,160,2,40,117,264,332,63,0,3,5,11,14,2,0,1370,5390,1245,5116,125,274,0,0,69,60,238,238,238,3878,66,201,238,238,238,238,116,139,15388,7354,1.53,91,102,92,12,10,58,113,112,107,763,727,7,2,10,2,58390,11012504,190,14,36,69,73,16429,7897,95332,46339,53642,26216,43764,21102,108,105.7,104.6,107.4,203.9,5.7,6.7,4,0.7,4.8,6,39.2,8.8,12.9,17.8,35.9,30.5,34.3,42.4,1.2,1.5,6.8,64.4,18.3,10.4,15.1,52.5,6.1,2.5,0.8,10.8,21.6,18.3,4.4,1.7,0.5,10.4,19.7,16.3,110.4,109.1,93.4,93.8,15.4,14.1,86.5,87.4,76,80.7,84.3,10.9,4.8,88.7,7,4.3,89.5,5.7,4.8,89.9,4.5,5.6,89.3,3.4,7.3,81.5,2.2,16.3,81.6,2.8,15.6,87.3,1.6,11.2,56.3,3.4,40.3,87.1,0.9,12,92.1,0.5,7.4,80.5,0.8,18.7
Kampot,615,0,3768,3282,4,133020,65432,4466,1398,4816,2449,993,225,5809,2674,203,311,77,24,177,0,302,196,533,510,44.8,27.8,519,35,311,63,248,1811,107,137,157,1347,37,190,1,13,15680,7375,1217,425,15940,7407,767,232,14456,6859,468,143,13500,6413,354,112,11909,5697,274,82,11156,5538,191,64,10380,5067,409,110,8607,4469,187,45,7897,4110,337,87,5742,3180,104,28,4994,2802,69,23,4575,2490,89,47,14463,12024,82641,9223,9971,5824,26884,4918,5638,3488,15311,2340,11.2,18.3,15.3,138,708,2277,1620,73,0,31,147,429,344,42,0,2,4,9,26,1,0,1026,4750,980,4600,43,143,3,7,24,38,248,248,248,3282,4,121,248,248,248,248,103,79,12108,5370,1.46,54,175,79,24,41,99,165,145,141,564,534,7,2,3,0,51849,10779346,45,9,13,20,20,12173,5877,73837,35740,42708,20922,38693,18636,107.1,106.6,104.1,107.6,216.3,7.8,9.4,1.6,1.1,5.3,6.1,28.8,49.1,13.3,17.1,27.6,22.9,35.3,40.5,1.1,1.5,6.2,62.1,20.2,11.5,17.1,46,4,3.5,1.7,11.2,18.3,15.3,2.7,1.8,1.2,9.8,15.9,12.9,118.8,118.3,98.8,99.1,16.9,16.2,89,91,74.4,79.6,88.9,7.1,3.9,91.5,5,3.5,92.2,3.3,4.6,92.5,2.8,4.7,92.2,2.3,5.5,80.4,1.7,17.9,82.2,4,13.8,86.3,2.1,11.6,65.1,4.4,30.5,84.8,1.8,13.5,92.1,1.4,6.5,71.4,1.8,26.8
Kandal,767,0,6923,5793,200,280801,139034,15400,5276,7443,4255,1550,413,8993,4668,252,373,101,41,285,0,198,218,629,641,45,28.2,547,136,373,90,485,3330,69,143,108,1254,17,100,4,85,32086,14905,4460,1625,32622,15377,2925,1012,31018,14647,2249,760,27569,13146,1736,589,25063,12091,1276,378,23164,11539,793,271,20477,10289,623,169,17763,9157,431,132,16716,8930,312,93,14725,7997,232,85,11814,6457,106,46,9891,5547,257,116,27626,24281,171522,13881,19854,10289,54956,12093,14493,8893,36430,5880,8.1,22,16.1,200,1064,2802,3094,275,8,56,271,482,609,132,0,3,3,20,46,8,0,1678,8043,1662,8004,16,39,0,0,156,87,616,616,616,5793,200,637,616,616,616,616,150,139,50221,40513,1.49,138,178,127,34,65,88,156,155,168,711,643,7,2,23,9,47919,17147027,37,5,14,15,17,24549,11969,143162,69755,78162,37842,68170,33308,105.1,105.2,106.5,104.7,366.1,9.7,11.7,2.2,1,7.6,9,37.2,25.8,18,16.4,37.7,31.2,40.6,48.5,1.2,1.5,6.4,61.1,19.6,13,17.2,51.9,7.8,2.5,1.6,8.1,22,16.1,5.7,1.4,1.2,7,18.8,14.1,112.5,111,98.9,98.8,12.1,10.9,88.4,91.2,85.5,89,84.8,12.7,2.5,88.6,9,2.4,89,7.8,3.2,89.8,6.6,3.7,90.7,5.2,4.2,91.7,3.5,4.8,85.1,3.1,11.8,88.9,2.3,8.8,86.4,1.8,11.8,88.4,1.8,9.8,94.3,1,4.7,73.2,2.6,24.2
Kep,50,0,294,256,9,9537,4729,345,106,463,253,114,32,577,285,22,22,4,2,9,0,11,20,39,31,40.4,23.3,44,3,22,6,16,116,6,10,5,45,0,0,0,0,1021,474,72,29,1112,534,45,11,1048,506,26,8,998,488,18,6,876,435,13,5,737,366,7,1,693,313,54,16,508,248,36,10,429,251,29,8,403,215,33,10,326,183,8,0,280,164,4,2,949,752,5792,628,639,384,1630,260,370,248,1009,151,10.8,16,15,0,21,231,200,11,0,1,5,44,57,7,0,0,0,0,0,0,0,92,544,92,544,0,0,0,0,1,2,4,4,4,256,9,5,4,4,4,4,7,11,14613,2290,1.62,2,15,10,0,0,14,16,16,17,40,36,8,3,0,0,55440,9481479,1,0,0,2,0,920,436,5287,2612,3021,1469,2869,1364,111,102.4,105.7,110.3,190.7,9.3,11.5,1.8,1,5.1,5.9,18,22,22,38,20.6,16.5,32.4,37.3,1.1,1.6,11.6,60.7,17.1,10.6,19.8,49.4,3.1,7.3,4.5,10.8,16,15,2.1,4.2,2.1,9.5,12.4,13.2,103.2,102.1,81.7,84.6,20.8,17.1,86.1,84.9,76,82.3,92.1,6.2,1.6,93.4,4.1,2.5,93.1,2.5,4.5,94.2,2,3.8,87.4,1.6,11,90,0.9,9,73.2,8.4,18.4,76.3,6.9,16.8,79.5,6,14.6,80.5,8.4,11.1,92.9,2.7,4.4,83.6,1.4,15
Koh Kong,230,0,1216,913,0,30129,14837,1004,357,1261,615,209,60,1470,675,76,122,19,13,74,0,6,74,167,174,37.1,19.4,190,15,122,24,98,604,2,3,4,31,0,0,0,0,3452,1672,316,135,3443,1598,218,88,3235,1605,136,50,3000,1445,100,31,2499,1219,43,10,2330,1136,39,11,2177,1090,27,8,1850,917,12,3,1688,869,39,7,1253,669,51,9,1206,630,7,1,1029,526,16,4,3136,2373,17959,2706,2150,826,5715,1978,1202,417,3488,1276,15.1,34.6,36.6,38,215,712,282,14,0,4,39,98,59,9,0,1,0,4,0,0,0,300,1374,238,1240,62,134,0,0,15,15,77,77,77,913,0,66,77,77,77,77,36,30,13659,5898,1.82,25,27,34,2,3,4,11,11,13,209,197,7,2,5,1,74544,8651416,15,0,6,5,0,2767,1383,16380,7942,8940,4332,7546,3550,100.1,106.2,106.4,112.6,131,5.5,6.4,1,0.6,4,5.3,32.2,2.6,27.4,24.3,23.9,20.5,24.8,33,1.3,1.8,9.8,59.6,19,11.6,14.2,45.9,4.7,1.4,2.1,15.1,34.6,36.6,3.7,0.6,0.8,13.3,31,31.8,113.3,111.1,85.8,86.7,24.3,22,91.9,93.7,70.4,73.7,84.2,8.2,7.6,87.1,6.1,6.7,90.2,4.2,5.6,90.3,3.7,6,91.5,1.7,6.8,85.2,1.7,13.1,88,1.3,10.7,90.4,0.7,9,49,2.3,48.7,86.8,3.7,9.6,96.3,0.7,3,68.9,1.6,29.5
Kratie,452,3,2962,2202,60,93805,46638,4482,1581,2763,1756,408,141,3171,1897,111,286,42,13,200,0,47,102,377,375,40.7,23.4,288,98,286,51,235,1750,16,31,26,211,4,18,1,24,12935,5984,1605,615,13069,6235,960,320,11774,5662,654,217,10369,5037,506,167,9186,4518,328,112,8242,4256,197,77,6185,3201,65,23,4855,2524,39,7,4023,2202,68,16,2947,1563,14,4,2495,1366,14,4,2105,1197,32,19,11330,9251,65575,10213,6120,3160,15063,3238,2933,1879,7547,1051,15.6,21.5,13.9,67,637,1528,504,25,1,11,132,172,78,16,0,3,10,20,16,0,0,750,2979,555,2461,194,517,1,1,39,37,152,152,152,2202,60,132,152,152,152,152,97,92,85261,16650,1.38,67,104,72,17,21,39,83,79,86,429,411,7,2,5,1,62200,12460433,48,3,16,36,11,9700,4722,55329,26842,28969,14233,23634,11428,105.4,106.1,103.5,106.8,207.5,6.1,7,1.2,0.8,4.9,6.6,44.2,10.4,16.6,17,34,29.6,31.7,42.6,1.3,1.4,6,69.9,16.1,8,12.9,59.8,6.5,1.1,0.8,15.6,21.5,13.9,4.8,0.6,0.7,14.7,19.6,11.1,116.8,113.7,95.4,95.2,18.3,16.3,78.3,79.8,76.2,75.8,83.1,11,5.9,86.7,7.5,5.8,87.6,5.8,6.6,87.2,5,7.8,87.3,3.6,9.1,84.4,2.5,13.1,82.5,1.1,16.3,84.1,0.8,15,76.1,1.8,22.2,89.3,0.5,10.2,95.4,0.6,3.9,71.8,1.5,26.7
Mondul Kiri,141,0,914,681,39,24686,12413,968,319,965,512,80,17,1045,529,35,91,8,7,44,0,2,31,81,127,36,19.1,77,32,91,10,81,604,1,1,1,6,0,0,0,0,3107,1436,297,112,3450,1615,218,68,2994,1485,119,43,2655,1309,96,21,2312,1222,62,19,2226,1119,48,10,1601,817,51,24,1341,755,24,8,1096,563,35,8,911,527,9,3,764,411,7,1,626,335,2,2,2810,1928,16744,3277,1550,704,4038,1184,902,440,2301,571,19.6,29.3,24.8,25,212,600,121,7,0,4,22,32,18,4,0,0,0,1,0,0,0,275,960,145,660,130,300,0,0,10,16,77,77,77,681,39,26,77,77,77,77,9,6,20171,6407,1.58,13,44,26,4,4,9,12,8,9,130,125,6,2,2,0,67869,12002275,10,0,3,17,1,2654,1315,14023,6847,7094,3405,6376,3142,101.8,104.8,108.3,102.9,175.1,6.8,7.4,1.1,1.2,4.8,6.5,31.2,1.4,42.6,9.9,25.6,23.6,27,36.2,1.3,1.6,6.5,67.8,16.4,9.3,7.7,50.6,5,2.7,0.8,19.6,29.3,24.8,3.3,1.9,0.5,18,25.5,21.8,105.9,100.7,72.6,72.6,31.4,27.9,81.3,83.1,83.1,87.2,86.1,7.9,6,88.9,6.7,4.4,89.6,4.2,6.2,88.8,3.8,7.5,90.2,2.6,7.2,83.6,2.5,13.9,83.5,3.2,13.3,86.8,2,11.3,85.5,3.2,11.3,88.3,1.1,10.6,91.4,1,7.6,90.3,0.3,9.3
Otdar Meanchey,375,3,2091,1641,4,58521,29147,2300,799,1703,844,360,88,2063,932,115,221,30,9,94,0,4,103,294,303,38.3,19.1,234,31,221,28,193,1283,3,3,1,12,0,0,0,0,7196,3404,794,295,7311,3447,462,166,7148,3374,363,119,6152,2935,222,63,5571,2747,120,36,4910,2414,84,30,4168,2248,36,8,3407,1838,81,33,2853,1504,102,26,2219,1243,12,9,1855,1041,11,4,1582,852,13,10,6402,5259,38288,5424,4132,2199,10428,2075,2207,1317,5656,1057,14.2,19.9,18.7,133,214,913,418,26,0,33,50,183,83,11,0,3,1,1,9,4,0,518,2367,407,2106,108,256,3,5,39,46,242,242,242,1641,4,128,242,242,242,242,56,21,23000,8653,1.65,69,83,78,12,9,26,37,41,35,350,339,6,2,2,0,68029,10265050,82,15,7,43,7,7197,3389,41362,19877,21229,10403,17923,8733,112.4,108.1,104.1,105.2,156.1,4.5,5.5,1.1,0.6,4.4,5.6,25.1,1.1,21.6,19.2,34.4,28.4,28,35.7,1.3,1.7,7.1,65.4,17.8,9.7,17.5,45.2,5.3,2.1,0.6,14.2,19.9,18.7,3.9,1.2,0.7,12.5,16.5,16.4,89,91.7,73.1,78.3,17.9,14.7,86.3,89.5,75.2,78.5,83,9.6,7.3,87.3,5.9,6.7,88.3,5.4,6.2,90.6,3.7,5.7,89.8,2.2,8,78,1.8,20.3,81,0.9,18.1,82.5,2.4,15.1,63,3.5,33.5,83.6,0.5,15.8,89.4,0.6,10,80.8,0.8,18.3
Pailin,87,0,554,448,0,17676,8989,624,215,675,373,117,38,792,411,26,52,6,3,30,0,2,24,38,64,38.2,20.1,73,19,52,8,44,301,1,1,1,10,0,0,0,0,2031,937,206,79,2210,1024,118,43,2100,1066,70,24,1708,833,47,19,1571,769,26,13,1444,764,14,3,1339,684,34,12,1090,560,14,4,989,525,49,7,809,443,27,2,625,389,11,6,543,331,8,3,1825,1417,11064,1547,1305,644,3418,754,782,468,1977,389,14,22.1,19.7,17,39,329,281,9,0,2,9,45,56,5,0,0,0,2,0,0,0,142,823,126,788,16,35,0,0,7,14,101,101,101,448,0,26,101,101,101,101,19,18,15471,4446,1.43,8,26,24,9,1,5,15,14,14,80,80,6,2,0,0,60399,11866533,10,0,4,2,0,1743,892,10478,5119,5742,2720,4560,2139,95.4,104.7,111.1,113.2,203.2,7.8,9.1,1.5,0.5,5.1,6.4,34.5,2.3,56.3,26.4,26.2,22.3,31.9,39.5,1.2,1.4,6.9,62.6,19.3,11.2,14.8,51.9,4.3,2.8,2.3,14,22.1,19.7,3.4,1.3,0.9,12.6,19.3,18.4,104.7,96.2,81.3,79.4,22.4,17.5,93.3,95.3,76,84.8,85.2,8.4,6.4,90.8,5.3,3.9,91.1,3.8,5.1,90.1,2.7,7.1,91.4,1.7,6.9,93.3,1,5.7,79.4,2.5,18.1,83.9,1.3,14.8,80.8,4.8,14.5,78.1,3.4,18.4,91.8,1.9,6.3,76,1.3,22.7
Phnom Penh,384,1,5614,4157,60,257256,125593,7107,2440,9153,5309,1231,500,10384,5809,151,165,26,42,159,0,77,130,347,327,47.5,31.1,318,71,165,40,125,1963,30,121,44,533,3,36,0,0,24917,11493,1654,582,26276,12161,1071,374,26340,12503,684,206,22748,11002,581,177,20592,9956,438,144,21226,10507,383,125,20345,9925,482,165,17893,8880,395,147,19102,9560,662,216,16692,8688,203,85,15237,7855,123,41,13846,7183,431,178,23263,20532,142099,11370,19863,10506,57340,13401,16489,9645,45775,8551,8,23.4,18.7,259,1432,3166,3648,636,12,37,201,357,462,172,2,16,15,32,46,7,1,1070,6522,1053,6487,10,24,7,11,75,40,413,413,413,4157,60,397,413,413,413,413,101,100,18361,21030,1,91,74,52,38,20,34,74,68,74,352,331,8,2,5,-1,35065,22367042,55,0,8,4,17,40470,19411,223140,108549,110900,54294,109891,55752,108.5,105.6,104.3,97.1,669.9,23.8,27,2.7,1.7,10.8,14.6,41.4,20.1,9.6,14.8,28.1,24.8,45.8,61.9,1.4,1,4.7,55.2,22.3,17.8,11.9,55.9,3.4,2.7,1.7,8,23.4,18.7,2.4,1.9,1.3,6.9,21.1,16.7,57.5,56.2,50.7,50.6,11.7,9.9,101.1,100.4,86.2,90.3,90.1,5.9,4,93.5,3.9,2.6,94.5,2.9,2.6,94.1,2.7,3.1,95,2,3,89.7,2,8.3,90.5,2.5,7,97.1,2.1,0.8,64.2,3.5,32.4,96.1,1.3,2.6,96.9,0.9,2.2,57,3,40
Preah Sihanouk,158,0,1281,1085,0,51540,25451,953,342,1672,875,287,84,1959,959,59,71,16,12,52,0,11,56,130,133,42.3,24.8,142,22,71,16,55,567,5,8,4,41,2,12,0,0,6107,2835,284,113,6421,3069,228,93,6289,3075,105,36,5200,2483,67,18,4503,2200,30,9,4126,2126,32,6,3749,1829,92,30,2925,1490,45,19,2802,1513,27,7,2419,1245,22,3,1948,1024,3,2,1538,804,18,6,5823,4139,32646,4367,3657,1885,9476,1983,2397,1634,5905,638,13.4,20.9,10.8,21,190,886,525,55,0,5,23,140,107,14,0,0,1,3,5,0,0,274,1749,265,1735,9,14,0,0,22,12,87,87,87,1085,0,78,87,87,87,87,36,23,30666,14296,1.3,15,30,21,13,4,7,13,13,18,148,135,9,2,0,0,42126,13298486,26,3,5,9,2,5069,2388,30028,14761,16931,8245,16606,8040,112.3,103.4,105.3,106.5,326.2,10.6,12.4,1.7,0.9,6.9,8.1,32.9,7,17.7,15.8,30.8,26.3,40.2,47.5,1.2,1.3,6.8,63.3,18.4,11.5,14.7,49,2.3,1.7,0.7,13.4,20.9,10.8,1.7,1.2,0.4,12,18.3,7.4,114.9,114,81.7,83.1,28.9,27.1,93.7,93.5,90.1,91.4,93.3,4.3,2.4,91.8,3.4,4.8,94.5,1.9,3.6,93.5,1.4,5.1,95.6,0.7,3.7,84.1,0.8,15.1,87,2.8,10.3,91.3,1.5,7.2,65.6,1,33.4,91.6,1,7.4,94.4,0.2,5.5,77.7,1.1,21.1
Preah Vihear,415,1,2254,1889,1,63605,32609,4482,1651,2221,1169,334,102,2555,1271,120,230,46,19,45,0,1,111,332,338,37,18.9,278,67,230,34,196,1279,0,0,1,3,0,0,0,0,8725,4113,1806,694,8448,4084,920,344,7551,3698,626,210,6187,3188,386,123,5664,2845,224,84,4934,2640,163,70,4278,2269,92,28,3474,1966,68,32,2950,1613,63,18,2573,1410,67,22,2014,1115,52,21,1696,996,15,5,6919,5521,41509,9562,4186,1838,10702,2686,2506,1395,6283,1293,23,25.1,20.6,78,268,1237,591,46,1,37,75,105,102,15,0,2,1,10,3,0,0,618,2544,407,2075,205,458,6,11,54,44,175,175,175,1889,1,164,175,175,175,175,59,47,79475,23428,1.72,36,84,72,10,12,26,29,30,31,356,350,9,3,4,1,69219,9821526,58,5,12,27,5,6442,3119,35162,16948,19510,9399,17038,8387,106.5,107.5,107.6,103.1,153.3,5.4,6.2,1,0.6,4.6,5.4,10.8,0.2,20,18.6,28.6,24.9,28.2,33.7,1.2,1.7,8,65.3,16.8,9.9,13.1,49.7,9.9,2.1,2.1,23,25.1,20.6,7.4,1.3,1.4,23.1,21.5,17.7,107.4,109.6,85.7,87.3,20.2,20.3,87,88.2,85.2,84.1,76.3,18.3,5.3,83,11,6,84.2,9.1,6.7,86.6,6.1,7.3,87.9,4.1,8,82.7,3.4,13.9,81.1,2.2,16.7,88,2.1,9.9,76.5,2.1,21.3,82.3,2.8,14.9,92.7,2.9,4.4,84.8,0.9,14.3
Prey Veng,1092,1,7643,5978,154,251446,123113,10722,3569,6061,2974,1920,510,7981,3484,416,551,92,33,440,0,242,386,929,847,44.4,27.6,722,138,551,103,448,3432,93,138,135,1069,13,83,1,34,26979,12527,2900,1045,27224,12586,1925,627,26106,12156,1623,540,24663,11741,1307,421,22938,10872,1189,385,22216,10620,753,237,19200,9745,177,52,17369,8973,159,45,15625,8160,269,88,12001,6406,174,46,9461,5266,82,13,8084,4438,164,70,24079,21845,150126,11251,19023,11522,52194,9421,11827,7550,29546,4314,7.5,18,14.6,167,1254,1902,2595,142,1,64,453,584,730,89,0,2,27,28,27,3,0,2038,8828,1971,8623,67,205,0,0,124,152,641,641,641,5978,154,447,641,641,641,641,220,226,54427,3462,1.37,143,296,224,28,38,80,119,108,135,978,920,9,2,5,0,65291,14228363,260,31,27,25,113,24734,11998,152651,73703,83258,40824,61716,29627,106.2,107.1,103.9,108.3,230.3,5.6,7.3,1.8,0.8,5.5,7,40.3,22.2,14.9,22.4,41.5,31.5,32.9,42.1,1.3,1.4,7.8,59.7,20.8,11.8,24.1,43.7,6.5,1.2,1.4,7.5,18,14.6,4.6,0.7,0.8,6.6,16,13.1,97.4,95.7,88.3,87.2,9.3,8.8,82.9,88.6,80,82.2,87.3,10,2.7,89.8,7.1,3.2,90.5,6.3,3.3,90.7,5.4,3.9,91,5,4,94,3.3,2.7,89.2,0.9,9.9,90.1,0.9,9,83.5,1.8,14.7,88,1.6,10.4,94.5,1,4.5,78.8,2.1,19.1
Pursat,558,2,3397,2707,60,114889,57509,5194,1847,3138,1624,709,207,3847,1831,189,308,43,18,198,12,10,166,398,389,42.1,24.9,417,89,308,52,256,1685,4,4,5,36,1,11,0,0,13780,6388,1873,692,14085,6572,1096,382,13536,6470,738,248,11584,5681,494,179,10507,5287,336,116,9599,4868,228,84,8235,4217,79,24,6772,3598,76,27,5622,3092,147,42,4506,2498,17,4,3881,2172,15,9,3196,1823,95,40,11907,9870,73091,11904,8156,4102,20629,4906,4489,2700,11583,2199,16.3,23.8,19,78,534,1479,991,56,0,15,183,275,198,38,0,1,3,11,7,0,0,877,3621,697,3184,174,426,6,11,30,43,156,156,156,2707,60,89,156,156,156,156,95,66,30775,7773,1.33,66,132,81,18,13,31,59,55,62,435,427,6,2,5,2,121339,24085480,105,10,30,55,46,10397,4948,61470,29778,32799,16030,25644,12229,110.1,106.4,104.6,109.7,205.9,5.6,6.9,1.3,0.6,4.9,6.1,35.5,1.8,28.7,30.3,36.6,29.9,33.8,42.4,1.3,1.3,8.3,63.6,18,10.1,18.4,47.6,6.5,1.5,1.1,16.3,23.8,19,4.8,0.9,0.8,15.8,20.9,17.5,114.5,115.1,94.9,96.1,17.1,16.5,85.7,87.4,80.5,83.7,82.5,11.9,5.6,87.5,7.5,5,88.7,5.9,5.4,90.3,4.4,5.3,90.6,3.2,6.1,89.9,2.4,7.7,81.7,1,17.3,85,1.2,13.8,74.2,2.6,23.1,84.4,0.4,15.3,93.8,0.5,5.8,64.5,3,32.5
Ratanak Kiri,340,1,2017,1448,15,58275,28618,2231,876,1512,744,160,50,1672,794,73,232,22,13,117,0,7,69,303,287,34.1,16.6,242,43,232,34,198,1183,1,1,5,17,1,10,0,0,7372,3433,705,302,7264,3469,452,183,6931,3205,368,121,6287,2996,253,98,5858,2758,196,78,5240,2539,128,48,4212,2253,41,13,3465,1866,16,3,2957,1545,54,23,2246,1194,4,2,1698,933,1,1,1397,729,13,4,6667,4364,38952,7544,4171,1485,10634,4005,2242,855,5341,1862,19.4,37.7,34.9,45,223,944,271,29,0,8,19,80,45,7,1,1,2,7,5,0,0,587,2095,336,1519,249,572,2,4,44,42,192,192,192,1448,15,102,192,192,192,192,31,25,15511,5082,1.57,37,91,80,11,10,20,52,49,40,316,310,7,2,5,0,65426,11231762,11,2,15,13,1,5751,2700,35193,17151,18102,8832,15892,7737,113,105.2,105,105.4,171.4,4.4,4.9,1,1,4.3,5.9,34.4,2.1,10.9,15.6,38.5,34.9,28.9,40.2,1.4,1.6,5.7,66.8,18.2,9.2,9.6,47.5,5.4,1,0.3,19.4,37.7,34.9,4.5,0.7,0.2,17.8,33.8,29,115.9,116,75.9,79.9,34.5,31.1,79.7,82.6,82.9,82.7,82.7,8.6,8.8,87.3,6,6.7,86,5.2,8.8,86.8,3.9,9.3,86.7,3.3,10,81.7,2.4,15.8,82.2,1,16.8,91.8,0.5,7.7,68,2,30,83.8,0.2,16,91.9,0.1,8,82.6,0.9,16.6
Siemreap,1170,15,7613,5895,70,285407,143706,15287,5013,6410,4065,1716,692,8126,4757,472,573,78,47,371,5,37,437,866,835,39,21.2,850,279,573,129,444,3472,16,28,19,171,1,20,1,11,31900,14636,4394,1526,31613,14796,2558,823,30970,14774,1883,587,26558,12984,1253,358,24288,11940,1029,312,22801,11359,687,205,20269,10450,1035,333,16989,9214,708,260,15438,8706,875,270,12581,7327,373,138,10805,6250,265,95,9470,5327,227,106,27506,22695,168130,28539,19234,10051,52696,12645,12208,7928,32856,5614,17,24,17.1,100,647,2783,2626,252,2,50,204,747,583,130,2,0,2,18,51,12,0,2094,8257,1839,7682,233,537,22,38,127,86,247,247,247,5895,70,409,247,247,247,247,213,250,23541,6819,1.18,184,156,158,35,21,42,65,64,81,992,948,8,3,2,29,54955,12500731,218,32,25,124,26,23754,11536,144007,70225,78854,38491,65534,32136,105.9,105.1,104.9,103.9,243.9,5.5,6.9,1.6,0.6,5,6.5,31.7,3.2,26,28.6,44.5,35.1,37.5,48.4,1.3,1.2,11.1,58.9,18.5,11.5,21.1,58.5,7,5,2.6,17,24,17.1,4.7,3,1.8,14.8,21.1,14.6,115.8,113.6,95.5,95.8,17.5,15.7,84.4,87.3,82.3,85.9,80.7,12.2,7.1,86.6,7.6,5.8,87.2,6.5,6.3,88.3,4.8,6.9,89.1,4.1,6.8,82.4,3,14.5,80.9,5.1,14,84.9,4.1,11,73.8,5.9,20.3,86.4,3.1,10.6,88.1,2.5,9.4,77.4,2.4,20.2
Stung Treng,266,1,1580,1165,3,41334,20724,3154,1177,1429,807,239,80,1668,887,50,175,31,10,105,0,2,45,236,239,36.1,18.2,163,57,175,26,149,1017,1,1,1,6,0,0,0,0,6160,2819,1272,479,6161,2960,690,273,5242,2548,431,134,4526,2235,279,108,4045,2022,234,91,3529,1850,156,55,2537,1353,32,14,2165,1137,17,7,1761,964,24,5,1401,800,4,2,1121,604,3,1,927,511,12,8,4888,3375,29663,6484,2505,1040,6463,1998,1397,651,3449,1051,21.9,30.9,30.5,68,239,880,238,4,0,18,48,117,51,5,0,3,1,10,0,0,0,423,1614,255,1154,164,455,4,5,29,31,127,127,127,1165,3,86,127,127,127,127,31,20,16810,5642,1.71,32,74,70,7,7,20,49,47,42,253,241,7,2,19,0,70915,10636338,33,1,9,14,5,4475,2187,23545,11482,11992,5983,10663,5261,104.6,105.1,100.4,102.7,155.4,5.4,6.3,1,0.8,4.4,5.9,39.5,0.8,11.3,10.2,28.9,24.8,26.2,35.5,1.4,1.7,4.3,71.8,15.6,8.3,14.3,53.2,10.3,1.1,0.6,21.9,30.9,30.5,7.9,0.8,0.6,21.4,27.6,27.5,109.2,107,75.4,75.7,31,29.2,76.9,78.5,80.6,84,75.5,17.6,7,81.9,11.8,6.3,82.4,8.4,9.2,85.3,6.2,8.5,86.8,6,7.2,73.4,4.8,21.8,85.1,1.3,13.7,91.1,0.9,8,66,1.4,32.7,86.9,0.3,12.8,95.7,0.3,4,85.8,1.2,13
Svay Rieng,514,0,3520,3108,57,127896,62955,3771,1229,3719,1529,979,226,4698,1755,178,262,53,21,161,0,83,170,460,397,45,28.3,423,54,262,40,222,1721,26,36,56,410,1,7,0,0,13228,6187,1223,438,13979,6689,675,241,13839,6475,488,154,12749,6188,399,103,11842,5871,307,82,10863,5275,155,41,10050,4980,161,43,8751,4416,112,35,8228,4215,166,56,6099,3286,24,8,4736,2474,13,5,3801,2069,48,23,12005,10795,76500,10024,9889,6677,27029,3683,6075,4620,14636,1478,13.1,13.6,10.1,180,407,1673,1390,67,2,34,151,448,314,32,0,1,2,8,19,2,0,1137,4845,1103,4751,32,85,2,9,63,67,282,282,282,3108,57,234,282,282,282,282,107,87,31918,9141,1.49,77,131,101,24,35,35,57,56,68,451,430,11,2,6,1,53215,11935201,135,17,25,17,100,11528,5558,67595,33029,35365,17460,27854,13390,107.4,104.7,102.5,108,248.8,7.2,9.1,2.2,0.9,6,6.8,31.3,16.1,10.5,22.8,34.4,27.2,36.3,41.2,1.1,1.5,7.6,59.8,21.1,11.4,20.8,37.4,4.2,1.6,0.6,13.1,13.6,10.1,2.9,1,0.5,12.3,12,9.2,104.1,103.4,93.6,92.2,10.1,10.9,91.3,92.9,80.7,84.7,89.3,8.2,2.4,91.8,4.6,3.5,93,3.7,3.4,93,3.2,3.8,93.3,2.7,4,91.3,1.4,7.3,86.4,1.6,12,88.8,1.2,9.9,67.6,2.2,30.2,88,0.4,11.5,93.5,0.3,6.2,72.2,1.3,26.6
Takeo,810,3,5795,5303,113,206385,101696,8220,2811,6479,2802,1849,447,8328,3249,308,382,66,54,176,0,217,297,700,630,46.5,29.1,634,70,382,77,305,2594,85,124,114,974,16,83,2,46,21250,9923,2181,806,21760,10360,1400,475,20908,9866,1118,361,19293,9296,825,270,17492,8477,623,210,16936,8293,443,132,16038,7949,320,79,14559,7391,243,69,13948,7266,436,141,11207,5951,145,53,9959,5333,329,152,8270,4369,157,63,19069,16963,117639,9918,15718,8896,44545,9732,11062,6346,29436,5451,8.4,21.8,18.5,174,811,2815,2522,156,1,57,283,833,614,62,0,0,21,42,68,7,0,1921,8677,1867,8495,53,174,1,8,140,68,385,385,385,5303,113,546,385,385,385,385,163,158,22470,14790,1.7,156,297,123,28,71,86,198,201,218,725,694,9,2,10,0,48438,11501315,59,6,22,18,21,17993,8631,109464,53147,63146,30553,56308,27059,108.5,106,106.7,108.1,254.8,8,10.3,2.3,1.3,6.5,7.2,21.7,26.8,13.6,22.2,31.9,24.8,35.6,38.9,1.1,1.7,7.2,57,21.6,14.3,22.2,39,5.6,2.2,2.1,8.4,21.8,18.5,4,1.3,1.7,7.2,19.3,16.6,106,105.6,94.3,95.2,11,9.9,93.6,95.5,81.3,84.8,88.6,9.5,2,91.4,6.5,2.1,92.2,5.6,2.2,92.6,4.5,2.8,93.2,3.5,3.3,85.1,2.6,12.2,88.1,2,10,90.7,1.6,7.7,73.2,3.2,23.6,91.2,1.4,7.5,89.7,3.6,6.7,71.2,1.8,27
Tbaung Khmum,736,2,5519,3897,100,176059,88266,8660,3102,4036,2284,991,321,5027,2605,250,406,52,28,270,0,77,225,640,589,42.7,22.9,536,116,406,68,338,2485,25,45,47,326,3,15,2,36,20418,9578,2291,899,20699,9848,1623,615,19375,9307,1224,405,17965,8544,924,298,16672,8129,568,195,15812,8020,384,119,12989,6744,491,162,9911,5317,330,99,9306,5106,490,165,6649,3747,135,57,5610,3273,65,30,4773,2702,135,58,18127,15728,110941,10243,12498,6767,32206,7168,6514,3474,17032,3557,9.2,22.3,20.9,120,544,1720,1571,75,6,41,175,382,341,52,0,9,23,66,109,1,0,1174,5434,1118,5293,51,134,5,7,98,66,328,328,328,3897,100,369,328,328,328,328,121,114,16429,8963,1.28,106,125,116,23,22,30,47,52,59,673,659,6,2,8,0,48584,10920619,41,5,31,11,8,18620,9026,110906,54065,59564,29145,48000,23357,106.3,105.1,104.4,105.5,239.2,5.5,6.8,1.5,0.6,5.3,7.5,36.7,10.5,13,20,43.6,35,31.9,45.2,1.4,1.3,9,63,18.3,9.7,19.7,51.8,6.3,4.1,2,9.2,22.3,20.9,4.7,2.5,1.5,8,19,18.9,97.4,96.2,84.5,84.9,13.2,11.7,80.5,83.3,72.4,76.6,84.5,10.1,5.4,86.6,7.7,5.6,88.7,6.4,4.9,89.3,5.1,5.6,90.2,3.3,6.5,84.6,2.5,12.9,78.4,4,17.6,85.1,3.2,11.8,69.4,5.4,25.2,87.5,2.1,10.3,94.4,1.3,4.3,72.8,2.8,24.5
Whole Kingdom,13915,50,96955,76866,1351,3408154,1696176,144756,50065,96349,52189,21262,6478,117611,58667,4694,7398,1242,581,4852,26,1702,4334,11351,10875,42,24.7,10259,2172,7398,1394,6206,47132,614,1053,955,8912,118,692,15,306,386969,180026,42859,15914,394329,185619,26900,9301,376198,179317,19823,6566,337237,163361,14444,4693,307890,149988,10669,3435,289694,144456,7307,2393,252848,128739,6418,1994,214226,112398,4307,1451,195209,104260,5796,1824,154861,85212,2343,820,129836,72070,1521,588,111132,61763,2369,1086,344110,292011,2092317,250241,246430,134711,662283,141093,152518,92366,395829,68196,12,21.3,17.2,2787,14133,40120,36265,3007,42,749,3763,7775,7595,1375,8,75,187,412,613,67,1,25396,112570,22645,105500,2670,6912,81,158,1554,1277,6367,6367,6367,76866,1339,5606,6367,6367,6367,6367,2459,2398,49632,10308,1.37,2095,3069,2329,478,546,989,1881,1826,1932,12478,11934,8,2,142,63,56594,13077491,2071,260,429,713,650,340632,164338,2010065,976049,1085713,529554,923025,449554,107.3,105.9,105,105.3,244.9,6.9,8.5,1.8,0.9,5.5,7,34.9,12.2,18.4,21.8,35.4,29,35.2,44.3,1.3,1.4,7.6,61.4,19.4,11.6,18.1,49.9,5.8,2.5,1.6,12,21.3,17.2,4.2,1.5,1.1,10.9,18.8,15.2,101,99.9,85.7,86.1,15.1,13.8,86.6,89,80.3,83.7,85.7,10,4.3,89.2,6.7,4.1,90,5.5,4.5,90.6,4.4,5,91.1,3.4,5.5,87,2.6,10.4,84.1,2.6,13.3,87.8,2,10.2,73,3.1,23.9,87.8,1.6,10.5,93.5,1.3,5.2,71.3,2.1,26.6
-  Urban Area,1616,3,17098,13769,184,705869,349700,24392,8542,23965,13952,4245,1717,28210,15669,576,772,140,128,551,0,219,499,1354,1340,41.2,27.8,1298,376,772,169,631,6433,81,204,124,1346,13,108,1,17,70288,32593,6552,2396,73485,34545,3981,1406,73042,34844,2572,849,62849,30366,1884,600,56616,27534,1448,467,55491,27486,988,322,53446,26392,1749,580,46151,23305,1192,431,46790,24086,1835,588,45052,24229,764,294,40384,21838,452,167,35664,19282,975,442,63736,54393,391771,45593,51697,27155,146387,35439,44288,25511,121100,22437,11.6,24.2,18.5,543,3142,9134,9773,1358,15,131,694,1424,1535,457,4,23,19,42,70,14,1,3887,21418,3665,20787,213,611,9,20,281,149,1102,1102,1102,13769,184,1180,1102,1102,1102,1102,399,388,31131,13054,1.18,323,312,264,135,89,164,290,277,277,1481,1423,8,2,30,33,54133,22532132,196,24,46,51,66,,,,,,,,,,,,,436.8,14.8,17.5,2.3,1.2,8.5,10.6,34.1,13.6,16.2,17.1,29.5,25,41.3,51.3,1.2,1.2,6.6,55.5,20.7,17.2,15,55.5,,,,,,,,,,,,,,,,,,,,,,,,,,,,,,,,,,,,,,,,,,,,,,,,,,,,,,,,,,
-  Rural Area,12299,47,79857,63097,1167,2702285,1346476,120364,41523,72384,38237,17017,4761,89401,42998,4118,6626,1102,453,4301,26,1483,3835,9997,9535,42.1,24.3,8961,1796,6626,1225,5575,40699,533,849,831,7566,105,584,14,289,316681,147433,36307,13518,320844,151074,22919,7895,303156,144473,17251,5717,274388,132995,12560,4093,251274,122454,9221,2968,234203,116970,6319,2071,199402,102347,4669,1414,168075,89093,3115,1020,148419,80174,3961,1236,109809,60983,1579,526,89452,50232,1069,421,75468,42481,1394,644,280374,237618,1700546,204648,194733,107556,515896,105654,108230,66855,274729,45759,12,20.5,16.7,2244,10991,30986,26492,1649,27,618,3069,6351,6060,918,4,52,168,370,543,53,0,21509,91152,18980,84713,2457,6301,72,138,1273,1128,5265,5265,5265,63097,1155,4426,5265,5265,5265,5265,2060,2010,52074,9942,1.42,1772,2757,2065,343,457,825,1591,1549,1655,10997,10511,8,2,112,30,57254,11820369,1875,236,383,662,584,,,,,,,,,,,,,219.7,5.9,7.3,1.7,0.8,5.1,6.5,35,12.1,18.7,22.5,37.3,30.2,33.8,42.8,1.3,1.4,7.8,62.9,19.1,10.2,19,48.1,,,,,,,,,,,,,,,,,,,,,,,,,,,,,,,,,,,,,,,,,,,,,,,,,,,,,,,,,,
- Urban Area,,,,,,,,,,,,,,,,,,,,,,,,,,,,,,,,,,,,,,,,,,,,,,,,,,,,,,,,,,,,,,,,,,,,,,,,,,,,,,,,,,,,,,,,,,,,,,,,,,,,,,,,,,,,,,,,,,,,,,,,,,,,,,,,,,,,,,,,,,,,,,,,,,,,,,,,,,,,,,,,,,,,,,,,,,81752,39388,463754,225506,239930,117174,228556,113760,107.6,105.7,104.8,100.9,,,,,,,,,,,,,,,,,,,,,,,,4.4,3.3,1.8,11.6,24.2,18.5,3.2,2.2,1.4,10.1,21.4,16.5,78,76.7,66.5,66.6,14.7,13.1,97.2,97.7,95.8,101,87.4,8.2,4.4,91.4,5.2,3.5,92.1,3.9,4,92.9,3.2,3.9,93.5,2.5,4,90.2,1.9,7.9,86.4,3.4,10.3,93.2,2.5,4.3,71.7,4,24.3,91,1.7,7.2,97.5,1.3,1.2,64.7,2.6,32.7
- Rural Area,,,,,,,,,,,,,,,,,,,,,,,,,,,,,,,,,,,,,,,,,,,,,,,,,,,,,,,,,,,,,,,,,,,,,,,,,,,,,,,,,,,,,,,,,,,,,,,,,,,,,,,,,,,,,,,,,,,,,,,,,,,,,,,,,,,,,,,,,,,,,,,,,,,,,,,,,,,,,,,,,,,,,,,,,,258880,124950,1546311,750543,845783,412380,694469,335794,107.2,106,105.1,106.8,,,,,,,,,,,,,,,,,,,,,,,,6.1,2.3,1.5,12,20.5,16.7,4.4,1.4,1,11.1,18.1,14.7,108.3,107.2,91.8,92.2,15.2,14,84.1,87,75.3,78.4,85.3,10.4,4.3,88.6,7.1,4.2,89.5,5.9,4.6,90.1,4.7,5.2,90.5,3.7,5.8,86.3,2.7,11,83.5,2.4,14.2,86.3,1.9,11.8,73.5,2.8,23.8,86.5,1.5,12,91.7,1.3,6.9,74.5,1.8,23.7
