Province,Table_1 | Number of Schools,Table_1 | Number of Classes,Table_1 | Number of Classrooms,Table_1 | Classes in Pagoda,Table_1 | Enrollment | Total,Table_1 | Enrollment | Girl,Table_1 | Repeaters | Total,Table_1 | Repeaters | Girl,Table_1 | Teaching Staff | Total,Table_1 | Teaching Staff | Female,Table_1 | Non-Teaching Staff | Total,Table_1 | Non-Teaching Staff | Female,Table_1 | Total Staff | Total,Table_1 | Total Staff | Female,Table_2 | Number of Schools | Pre-School,Table_2 | Number of Schools | Primary,Table_2 | Number of Schools | L.Sec.Sch.,Table_2 | Number of Schools | U.Sec.Sch.,Table_2 | 2-Shift Schools | U.Sec.Sch.,Table_2 | Floating Schools | U.Sec.Sch.,Table_2 | Schools in Pagoda | U.Sec.Sch.,Table_2 | Attached Pre-Schools | U.Sec.Sch.,Table_2 | Schools without | Water Sup.,Table_2 | Schools without | Latrine,Table_2 | Characteristics of School Principals (Incharge) | Avg. Age,Table_2 | Characteristics of School Principals (Incharge) | Avg. Service,Table_2 | Characteristics of School Principals (Incharge) | U.Sec.Edu.+,Table_2 | Characteristics of School Principals (Incharge) | Female,Table_3 | Number of Primary Schools,Table_3 | Number of Cluster Schools,Table_3 | Satelite School | school,Table_3 | Satelite School | class,Table_3 | Number of schools in Pagoda | Pre school Schools,Table_3 | Number of schools in Pagoda | Pre school Classes,Table_3 | Number of schools in Pagoda | Primary School Schools,Table_3 | Number of schools in Pagoda | Primary School Classes,Table_3 | Number of schools in Pagoda | Junior high school Schools,Table_3 | Number of schools in Pagoda | Junior high school Classes,Table_3 | Number of schools in Pagoda | Senior high school Schools,Table_3 | Number of schools in Pagoda | Senior high school Classes,Table_4 | Enrollment in Grade 1 | Total,Table_4 | Enrollment in Grade 1 | Girl,Table_4 | Repeaters in Grade 1 | Total,Table_4 | Repeaters in Grade 1 | Girl,Table_4 | Enrollment in Grade 2 | Total,Table_4 | Enrollment in Grade 2 | Girl,Table_4 | Repeaters in Grade 2 | Total,Table_4 | Repeaters in Grade 2 | Girl,Table_4 | Enrollment in Grade 3 | Total,Table_4 | Enrollment in Grade 3 | Girl,Table_4 | Repeaters in Grade 3 | Total,Table_4 | Repeaters in Grade 3 | Girl,Table_5 | Enrollment in Grade 4 | Total,Table_5 | Enrollment in Grade 4 | Girl,Table_5 | Repeaters in Grade 4 | Total,Table_5 | Repeaters in Grade 4 | Girl,Table_5 | Enrollment in Grade 5 | Total,Table_5 | Enrollment in Grade 5 | Girl,Table_5 | Repeaters in Grade 5 | Total,Table_5 | Repeaters in Grade 5 | Girl,Table_5 | Enrollment in Grade 6 | Total,Table_5 | Enrollment in Grade 6 | Girl,Table_5 | Repeaters in Grade 6 | Total,Table_5 | Repeaters in Grade 6 | Girl,Table_6 | Enrollment in Grade 7 | Total,Table_6 | Enrollment in Grade 7 | Girl,Table_6 | Repeaters in Grade 7 | Total,Table_6 | Repeaters in Grade 7 | Girl,Table_6 | Enrollment in Grade 8 | Total,Table_6 | Enrollment in Grade 8 | Girl,Table_6 | Repeaters in Grade 8 | Total,Table_6 | Repeaters in Grade 8 | Girl,Table_6 | Enrollment in Grade 9 | Total,Table_6 | Enrollment in Grade 9 | Girl,Table_6 | Repeaters in Grade 9 | Total,Table_6 | Repeaters in Grade 9 | Girl,Table_7 | Enrollment in Grade 10 | Total,Table_7 | Enrollment in Grade 10 | Girl,Table_7 | Repeaters in Grade 10 | Total,Table_7 | Repeaters in Grade 10 | Girl,Table_7 | Enrollment in Grade 11 | Total,Table_7 | Enrollment in Grade 11 | Girl,Table_7 | Repeaters in Grade 11 | Total,Table_7 | Repeaters in Grade 11 | Girl,Table_7 | Enrollment in Grade 12 | Total,Table_7 | Enrollment in Grade 12 | Girl,Table_7 | Repeaters in Grade 12 | Total,Table_7 | Repeaters in Grade 12 | Girl,Table_8 | Grade 1 Intake | Total,Table_8 | Grade 1 Intake | Aged 6,Table_8 | Primary Enrollment | Total,Table_8 | Primary Enrollment | Aged 11+,Table_8 | Grade 7 Intake | Total,Table_8 | Grade 7 Intake | Aged 12,Table_8 | L.Sec.Edu. Enrollment | Total,Table_8 | L.Sec.Edu. Enrollment | Aged 14+,Table_8 | Grade 10 Intake | Total,Table_8 | Grade 10 Intake | Aged 15,Table_8 | U.Sec.Edu. Enrollment | Total,Table_8 | U.Sec.Edu. Enrollment | Aged 17+,Table_8 | % Over-age Enrollment in | Primary,Table_8 | % Over-age Enrollment in | L.Sec.Edu.,Table_8 | % Over-age Enrollment in | U.Sec.Edu.,Table_9 | Education Level of Teaching Staff | Primary,Table_9 | Education Level of Teaching Staff | L.Sec.Edu.,Table_9 | Education Level of Teaching Staff | U.Sec.Edu.,Table_9 | Education Level of Teaching Staff | Graduate,Table_9 | Education Level of Teaching Staff | Post Gaduate,Table_9 | Education Level of Teaching Staff | PhD,Table_9 | Education Level of Non-Teaching Staff | Primary,Table_9 | Education Level of Non-Teaching Staff | L.Sec.Edu.,Table_9 | Education Level of Non-Teaching Staff | U.Sec.Edu.,Table_9 | Education Level of Non-Teaching Staff | Graduate,Table_9 | Education Level of Non-Teaching Staff | Post Graduate,Table_9 | Education Level of Non-Teaching Staff | PhD,Table_9 | Teaching Staff without Pedagogy Training | Primary,Table_9 | Teaching Staff without Pedagogy Training | L.Sec.Edu.,Table_9 | Teaching Staff without Pedagogy Training | U.Sec.Edu.,Table_9 | Teaching Staff without Pedagogy Training | Graduate,Table_9 | Teaching Staff without Pedagogy Training | Post Graduate,Table_9 | Teaching Staff without Pedagogy Training | PhD,Table_10 | Total Number of | Buildings,Table_10 | Total Number of | Rooms,Table_10 | Concrete/Brick Structure | Buildings,Table_10 | Concrete/Brick Structure | Rooms,Table_10 | Wooden Structure | Buildings,Table_10 | Wooden Structure | Rooms,Table_10 | Bamboo Structure | Buildings,Table_10 | Bamboo Structure | Rooms,Table_10 | New Buildings | Repaired,Table_10 | New Buildings | Constructed,Table_10 | Buildings without Good | Floor,Table_10 | Buildings without Good | Roof,Table_10 | Buildings without Good | Wall,Table_11 | Number of Classrooms,Table_11 | Number of Classrooms | in Pagoda,Table_11 | Number of Classrooms | New Repaired,Table_11 | Number of Classrooms | New Constructed,Table_11 | Classrooms without Good | Floor,Table_11 | Classrooms without Good | Roof,Table_11 | Classrooms without Good | Wall,Table_11 | Schools with Separate | Office,Table_11 | Schools with Separate | Library,Table_12 | School Area (m2) | Land,Table_12 | School Area (m2) | Playground,Table_12 | Classroom Area per Student | Playground,Table_12 | Pre-School with Sport Facility | Playground,"Table_12 | Schools with Sport Ground, Equipment and Teams / Player for | Volleyball","Table_12 | Schools with Sport Ground, Equipment and Teams / Player for | Football","Table_12 | Schools with Sport Ground, Equipment and Teams / Player for | Basketball","Table_12 | Schools with Sport Ground, Equipment and Teams / Player for | Climb.Ropes","Table_12 | Schools with Sport Ground, Equipment and Teams / Player for | Shotput","Table_12 | Schools with Sport Ground, Equipment and Teams / Player for | High Jump","Table_12 | Schools with Sport Ground, Equipment and Teams / Player for | Long Jump","Table_12 | Schools with Sport Ground, Equipment and Teams / Player for | Running",Table_13 | Parent Association | Exists,Table_13 | Parent Association | Held Meeting,Table_13 | Parent Association | Total,Table_13 | Parent Association | Female,Table_13 | Community Teachers | Female,Table_13 | Teaching Monks | Female,Table_13 | PB Fund (Riel) | per Student,Table_13 | PB Fund (Riel) | per School,Table_13 | Number of Schools Obtaining Funds from | School Income,Table_13 | Number of Schools Obtaining Funds from | Community,Table_13 | Number of Schools Obtaining Funds from | Gvt. For building,Table_13 | Number of Schools Obtaining Funds from | Abroad,Table_13 | Number of Schools Obtaining Funds from | IOs/NGOs,Table_14 | Aged 6 | Total,Table_14 | Aged 6 | Girl,Table_14 | Aged 6-11 | Total,Table_14 | Aged 6-11 | Girl,Table_14 | Aged 12-14 | Total,Table_14 | Aged 12-14 | Girl,Table_14 | Aged 15-17 | Total,Table_14 | Aged 15-17 | Girl,Table_14 | Sex-Ratio of Population | Aged 6,Table_14 | Sex-Ratio of Population | Aged 6-11,Table_14 | Sex-Ratio of Population | Aged 12-14,Table_14 | Sex-Ratio of Population | Aged 15-17,Table_15 | Pupils per School,Table_15 | Teachers per School,Table_15 | Staff per School,Table_15 | Buildings per School,Table_15 | Rooms per School,Table_15 | Classrooms per School,Table_15 | Classes per School,Table_15 | Percentage of Schools | 2-shift,Table_15 | Percentage of Schools | in Pagoda,Table_15 | Percentage of Schools | without Water,Table_15 | Percentage of Schools | without Toilet,Table_16 | Pupil Teacher Ratio,Table_16 | Pupil Staff Ratio,Table_16 | Pupil Class Ratio,Table_16 | Pupil Classroom Ratio,Table_16 | Classes per Classroom,Table_16 | Classroom Area (m2) per Pupil,Table_16 | Percentage of Total Students in | Pre-school,Table_16 | Percentage of Total Students in | Primary,Table_16 | Percentage of Total Students in | L.Sec.Edu.,Table_16 | Percentage of Total Students in | U.Sec.Edu.,Table_16 | Percentage of | Non-tching Staff,Table_16 | Percentage of | Female Staff,Table_17 | % Repeaters (Total) | Primary,Table_17 | % Repeaters (Total) | L.Sec.Edu.,Table_17 | % Repeaters (Total) | U.Sec.Edu.,Table_17 | % Over-age Enrollment (Total) | Primary,Table_17 | % Over-age Enrollment (Total) | L.Sec.Edu.,Table_17 | % Over-age Enrollment (Total) | U.Sec.Edu.,Table_17 | % Repeaters (Girl) | Primary,Table_17 | % Repeaters (Girl) | L.Sec.Edu.,Table_17 | % Repeaters (Girl) | U.Sec.Edu.,Table_17 | % Over-age Enrollment  (Girl) | Primary,Table_17 | % Over-age Enrollment  (Girl) | L.Sec.Edu.,Table_17 | % Over-age Enrollment  (Girl) | U.Sec.Edu.,Table_18 | Gross Admission Rate | Total,Table_18 | Gross Admission Rate | Girl,Table_18 | Net Admission Rate | Total,Table_18 | Net Admission Rate | Girl,Table_18 | % Over-age (6+) Admission | Total,Table_18 | % Over-age (6+) Admission | Girl,Table_18 | Transition Rate to L.Sec.Edu. 2024-2025 | Total,Table_18 | Transition Rate to L.Sec.Edu. 2024-2025 | Girl,Table_18 | Transition Rate to U.Sec.Edu. 2024-2025 | Total,Table_18 | Transition Rate to U.Sec.Edu. 2024-2025 | Girl,Table_19 | Grade 1 | Promotion,Table_19 | Grade 1 | Repetition,Table_19 | Grade 1 | Dropout,Table_19 | Grade 2 | Promotion,Table_19 | Grade 2 | Repetition,Table_19 | Grade 2 | Dropout,Table_19 | Grade 3 | Promotion,Table_19 | Grade 3 | Repetition,Table_19 | Grade 3 | Dropout,Table_19 | Grade 4 | Promotion,Table_19 | Grade 4 | Repetition,Table_19 | Grade 4 | Dropout,Table_20 | Grade 5 | Promotion,Table_20 | Grade 5 | Repetition,Table_20 | Grade 5 | Dropout,Table_20 | Grade 6 | Promotion,Table_20 | Grade 6 | Repetition,Table_20 | Grade 6 | Dropout,Table_20 | Grade 7 | Promotion,Table_20 | Grade 7 | Repetition,Table_20 | Grade 7 | Dropout,Table_20 | Grade 8 | Promotion,Table_20 | Grade 8 | Repetition,Table_20 | Grade 8 | Dropout,Table_21 | Grade 9 | Promotion,Table_21 | Grade 9 | Repetition,Table_21 | Grade 9 | Dropout,Table_21 | Grade 10 | Promotion,Table_21 | Grade 10 | Repetition,Table_21 | Grade 10 | Dropout,Table_21 | Grade 11 | Promotion,Table_21 | Grade 11 | Repetition,Table_21 | Grade 11 | Dropout,Table_21 | Grade 12 | Promotion,Table_21 | Grade 12 | Repetition,Table_21 | Grade 12 | Dropout
Banteay Meanchey,515,4234,3990,51,151399,76052,3980,1332,4778,2644,1004,263,5782,2907,327,409,55,30,234,0,11,306,457,506,47.6,26,384,81,409,86,323,2257,0,0,10,73,1,3,0,0,17179,8034,991,356,16164,7561,671,251,16564,7836,597,184,17229,8268,399,113,16628,8115,305,71,15404,7829,248,88,12310,6352,221,60,10192,5460,173,61,8666,4728,202,74,6433,3645,72,33,5848,3394,57,18,4943,2912,44,23,16188,13468,99168,9537,12089,7960,31168,4417,6361,4771,17224,1581,9.6,14.2,9.2,93,582,1824,2099,164,16,29,179,291,413,89,3,3,16,28,92,8,0,1314,5957,1138,5426,173,525,3,6,57,150,1240,925,1240,3990,51,180,333,333,333,333,126,155,27076,5560,1.2,15,129,159,43,45,39,61,27,23,514,259,7,2,10,0,55576,15959888,63,171,22,63,67,17045,8213,104326,50475,52916,25758,54569,26552,107.5,106.7,105.4,105.5,294,9.3,11.2,2.6,11.6,7.7,8.2,45.4,2.1,11.3,1.7,31.7,26.2,35.8,37.9,1.1,1.3,12.7,65.5,20.6,11.4,17.4,50.3,3.2,1.9,1,9.6,14.2,9.2,2.2,1.2,0.7,8.3,12,7.6,95,93.5,79,79.6,16.8,14.9,84.8,88.4,73.6,76,92.1,5.9,2.1,94.5,4,1.5,94,3.3,2.7,94.1,2.3,3.6,93.5,1.9,4.6,85.3,1.7,13,81.4,1.8,16.8,84.7,1.7,13.6,75.5,2.3,22.1,85,1.1,13.9,84.6,1,14.4,84,0.9,15.2
Battambang,809,6954,5919,71,235143,117880,10892,3748,6872,4248,1875,687,8747,4935,406,650,94,32,509,0,31,373,736,803,46.3,24.9,681,172,650,155,491,3573,2,6,25,247,3,25,1,9,27878,12837,2866,1064,26063,12102,1904,683,26430,12399,1461,506,27258,13120,1067,316,25909,12933,678,186,22804,11474,538,188,19487,9902,833,243,15859,8520,427,133,12750,7070,575,205,9666,5537,261,88,8371,4941,124,58,8030,4753,158,78,25012,20434,156342,32498,18654,11560,48096,7431,9405,6275,26067,3856,20.8,15.5,14.8,119,729,2028,3567,421,8,48,209,485,878,252,3,8,11,10,19,2,0,1912,8082,1594,7170,312,899,6,13,124,279,1604,978,1604,5919,71,453,476,476,476,476,200,182,19258,4887,1.21,27,263,249,101,115,74,100,42,45,805,462,7,2,2,7,53951,15588541,82,202,36,80,54,21465,10447,128209,62365,64650,31386,69834,33910,105.5,105.6,106,105.9,290.7,8.5,10.8,2.4,10,7.3,8.6,62.9,3.8,9,0.7,34.2,26.9,33.8,39.7,1.2,1.3,9.5,66.5,20.5,11.1,21.4,56.4,5.4,3.8,2.1,20.8,15.5,14.8,3.9,2.3,1.5,19.9,13,12.6,116.5,112.7,95.2,93.5,18.3,17,81.9,85.7,73.1,77.1,84.5,10,5.4,87.3,6.7,6,88.9,5,6.1,90.4,3.8,5.8,89.4,2.7,7.9,86,2.4,11.7,77.9,4.2,17.9,80.4,2.8,16.8,72.7,4.5,22.9,80,2.5,17.5,88.9,1.4,9.7,81.8,2,16.2
Kampong Cham,541,5830,5026,128,205881,103264,10260,3432,5623,3372,1788,696,7411,4068,297,400,81,43,249,0,81,280,497,535,50.4,30,371,81,400,64,336,3096,1,3,72,623,6,28,2,34,22770,10459,2456,909,22126,10208,1880,622,22036,10287,1460,457,22125,10680,1095,326,21147,10255,780,247,19525,9898,620,207,17175,8729,570,146,14691,7825,442,149,12696,6832,407,142,10942,6107,268,102,9188,5386,116,35,8609,5146,166,90,20314,17790,129729,18746,16605,11048,44562,6520,10674,6678,28739,3928,14.5,14.6,13.7,127,1128,1898,2300,169,2,67,434,606,569,111,0,1,38,41,72,5,0,1631,7323,1581,7175,49,143,1,5,68,75,1484,868,1484,5026,128,286,174,174,174,174,144,157,9117,4358,1.2,13,72,53,35,36,33,21,12,22,538,250,8,2,13,12,46857,17881706,24,75,15,16,33,17974,8716,108813,53009,56178,27465,62517,30550,106.2,105.3,104.5,104.6,380.6,10.4,13.7,3,13.5,9.3,10.8,46,15,8.1,1.1,36.6,27.8,35.3,41,1.2,1.3,8.7,63,21.6,14,24.1,54.9,6.4,3.2,1.9,14.5,14.6,13.7,4.5,1.9,1.4,13.6,11.6,11.5,113,109.6,99,97.2,12.4,11.3,85.3,89,83.2,86.6,83.6,10.1,6.2,86.3,7.9,5.8,87.2,6.1,6.7,88.3,4.7,6.9,89.1,3.7,7.2,83.5,3.2,13.3,81.6,3.3,15.1,85,3.1,12,74.2,3.2,22.7,83.4,2.5,14.1,91.4,1.3,7.4,74.4,2,23.7
Kampong Chhnang,392,3010,2656,19,122338,61855,4553,1385,3509,1737,801,239,4310,1976,120,281,61,17,182,1,34,87,372,391,45.8,25.2,327,79,281,48,233,1732,1,4,26,216,7,30,0,0,13242,6266,1221,406,12948,6140,933,314,13199,6255,686,191,13420,6495,497,140,12836,6427,350,95,11563,5764,245,53,9629,5023,187,48,8416,4522,105,30,7431,3955,162,49,5743,3196,85,25,5056,2957,22,2,4549,2722,60,32,12021,11251,77208,11962,9442,6427,25476,3230,5658,4034,15348,1546,15.5,12.7,10.1,54,336,1092,1895,129,3,18,119,225,380,58,1,0,0,3,0,0,0,940,4203,891,4072,49,131,0,0,28,90,635,329,635,2656,19,99,147,147,147,147,95,90,22549,10146,1.13,29,132,134,39,56,46,59,24,24,390,267,10,3,3,0,57032,17152363,32,182,17,20,78,11732,5735,68270,33531,33389,16404,35670,17569,104.6,103.6,103.5,103,312.1,9,11,2.4,10.7,6.8,7.7,46.4,8.7,5.1,0.3,34.9,28.4,40.6,46.1,1.1,1.2,7,63.1,20.8,12.5,18.6,45.8,5.1,1.8,1.1,15.5,12.7,10.1,3.2,0.9,0.7,14.9,10.1,8.9,102.5,102.2,95.9,96.4,6.4,5.6,88.2,91.7,76.7,79.9,90.8,9.2,0,92.2,6.9,1,93.1,4.9,2,94.1,3.7,2.2,94.8,2.9,2.2,93.5,2.3,4.2,85.4,1.9,12.6,85.6,1.2,13.2,85.2,2.2,12.6,83.7,1.4,14.9,90.9,0.4,8.6,79.2,1.4,19.4
Kampong Speu,425,3848,3488,26,172273,86219,5926,1958,4268,1948,906,187,5174,2135,234,316,70,27,231,0,30,222,394,425,47.8,26.4,318,43,316,49,265,2260,2,7,25,229,2,13,1,14,20612,9851,1559,556,19197,9215,984,331,19501,9310,973,297,19884,9688,661,214,18813,9173,518,172,17228,8665,385,143,14523,7421,259,78,11624,6081,186,49,9568,4988,215,61,7224,4006,81,31,6216,3516,46,7,5913,3384,59,19,19053,17150,115235,15232,14264,9161,35715,4481,7143,4956,19353,2144,13.2,12.5,11.1,101,703,1377,1891,194,2,34,176,257,357,82,0,0,7,5,53,2,0,1099,4853,1061,4747,38,106,0,0,54,108,1110,708,1110,3488,26,201,184,184,184,184,107,125,15573,8362,1.09,11,112,200,50,43,67,150,36,30,425,289,8,1,2,0,47925,19011182,59,177,22,33,27,18391,9025,103645,50806,50130,24468,54498,26423,103.8,104,104.9,106.3,405.3,10,12.2,2.6,11.4,8.2,9.1,54.4,7.1,7.3,0,40.4,33.3,44.8,49.4,1.1,1.2,8,66.9,20.7,11.2,17.5,41.3,4.4,1.8,1,13.2,12.5,11.1,3.1,1,0.5,12.4,10.1,9.7,103.6,103,93.3,94.3,10,8.4,87.3,90.6,72.2,76,91.9,7.9,0.2,93.9,5,1.1,93.9,4.8,1.3,94.7,3.4,1.9,93.8,2.9,3.4,87,2.4,10.7,82.4,1.9,15.7,80.3,1.6,18.1,72.4,2.2,25.4,82.3,1.1,16.6,91.2,0.7,8.1,89.9,1.1,9
Kampong Thom,603,4365,3859,66,159998,81703,7918,2552,4394,2502,804,230,5198,2732,216,497,67,25,296,6,52,202,569,600,44.7,23.5,483,115,497,78,409,2570,2,7,50,340,0,0,0,0,20183,9499,2491,870,18633,8969,1537,523,18182,8801,1185,334,18439,9107,807,223,17311,8823,547,158,15079,7774,382,120,12763,6654,358,107,10376,5774,177,64,8688,4728,290,99,6695,3779,70,26,5590,3300,31,8,5534,3234,43,20,17692,15574,107827,15474,12405,7999,31827,4762,6625,4758,17819,2181,14.4,15,12.2,185,452,1618,1929,194,16,29,127,232,346,67,3,1,7,10,30,4,0,1306,5294,1203,5069,101,223,2,2,90,117,1007,579,1007,3859,66,337,149,149,149,149,120,114,15835,7481,1.35,10,160,176,27,49,48,74,17,12,603,556,8,2,7,0,62427,15862664,52,249,25,56,100,16188,7976,92367,45621,44235,21733,47690,23337,103,102.5,103.5,104.4,265.3,7.3,8.6,2.2,8.8,6.4,7.2,49.1,8.6,5.6,0.5,36.4,30.8,36.7,41.5,1.1,1.4,7.6,67.4,19.9,11.1,15.5,52.6,6.4,2.6,0.8,14.4,15,12.2,4.2,1.6,0.5,13.8,12.5,10.3,109.3,108.2,96.2,96.6,12,10.8,88,90.6,77.2,79.9,85.5,12.5,2.1,90.4,8.2,1.4,91.6,6.2,2.2,92.1,4.4,3.4,92.6,3.4,3.9,87.2,2.7,10.1,81.3,2.9,15.9,86.2,1.8,12,83.4,3.4,13.3,88,1.1,10.9,94.2,0.5,5.3,89.5,0.8,9.7
Kampot,420,3325,3277,27,126225,62195,4022,1219,4625,2339,986,219,5611,2558,201,312,77,24,135,0,188,194,398,393,49.2,28.4,357,30,312,63,249,1795,1,3,152,1291,34,159,1,12,14640,6760,991,328,13848,6562,753,243,14517,6814,551,155,14461,6949,324,78,13309,6513,262,51,12497,6103,218,48,10242,5042,280,84,8595,4437,190,67,7689,3880,250,85,5752,3145,81,25,4976,2798,65,27,4683,2703,57,28,13649,11988,83272,16710,9962,6397,26526,3786,5671,4048,15411,1795,20.1,14.3,11.6,113,569,2096,1760,87,0,27,124,399,379,55,2,1,3,11,39,0,0,1045,4865,1014,4773,29,88,2,4,39,60,1136,678,1136,3277,27,160,120,120,120,120,98,56,13312,5370,1.31,6,135,106,35,61,79,74,33,46,417,202,8,2,1,1,56708,16423369,18,65,13,24,23,12660,6173,69533,33881,33524,16300,37114,18187,105.1,105.2,105.7,104.1,300.5,11,13.4,2.5,11.6,7.8,7.9,32.1,44.8,5.2,6.4,27.3,22.5,38,38.5,1,1.4,7,66,21,12.2,17.6,45.6,3.7,2.7,1.3,20.1,14.3,11.6,2.3,1.8,0.9,19.3,11.8,10.6,107.8,104.2,94.7,92.7,12.2,11,88.5,90.7,73.7,79,91.7,6.9,1.4,93.7,5.1,1.3,94,3.7,2.3,94.1,2.3,3.5,95.1,2,2.9,86.1,1.9,11.9,81.3,2.7,15.9,83.7,2.1,14.2,78.4,3.2,18.4,81.7,1.3,17,91.9,1.3,6.8,85.7,1.2,13.1
Kandal,551,6144,5697,180,270436,134398,14502,4827,7345,4223,1555,421,8900,4644,255,373,100,42,269,0,135,219,476,544,49.9,29.5,412,106,373,85,282,2886,8,27,108,1244,15,91,4,81,26153,11797,3561,1248,29267,13598,2777,976,30214,14292,2352,763,30410,14710,1842,606,28801,14019,1296,408,25086,12520,779,232,21949,11084,643,190,18358,9791,383,109,16056,8426,397,113,13487,7283,234,90,12841,7215,93,31,12179,6843,145,61,22592,19742,169931,40179,21306,13162,56363,9129,13253,9045,38507,4914,23.6,16.2,12.8,234,1072,2566,3130,340,3,63,253,465,621,151,2,1,2,47,40,2,0,1707,8351,1654,8141,53,210,0,0,112,186,1447,1025,1447,5697,180,526,437,437,437,437,154,134,26038,17168,1.14,26,119,111,57,79,72,75,41,42,548,296,7,2,11,9,47190,22970869,29,46,10,7,29,24458,11956,137423,67394,65209,31940,70585,34262,104.6,103.9,104.2,106,490.8,13.3,16.2,3.1,15.2,10.3,11.2,48.8,24.5,13.6,1.3,36.8,30.4,44,47.5,1.1,1.2,7.6,62.8,20.8,14.2,17.5,52.2,7.4,2.5,1.2,23.6,16.2,12.8,5.2,1.4,0.9,23.6,12.7,10.8,92.4,88.2,80.7,78.7,12.6,10.8,91,94,82.3,85.7,86.1,11.6,2.3,89.9,9,1.2,91.1,7.5,1.4,91.9,6.2,1.9,92.5,4.9,2.6,94.6,3.3,2.1,84.6,3,12.4,88,2.2,9.9,84.2,2.5,13.3,87.4,1.6,11,92.5,0.7,6.8,83,1.3,15.7
Kep,30,245,267,6,8963,4400,344,95,456,254,114,29,570,283,22,22,4,2,8,0,5,20,25,29,46.7,25.6,27,2,22,6,16,115,0,0,5,43,0,0,0,0,1063,483,61,21,958,439,65,18,998,490,53,16,1047,506,53,16,959,452,29,5,887,458,26,6,751,355,23,3,536,289,12,6,492,223,12,2,398,214,5,0,314,196,4,2,312,164,1,0,1002,885,5912,874,728,496,1779,232,393,291,1024,100,14.8,13,9.8,0,25,193,219,19,0,1,5,44,55,9,0,0,0,0,0,0,0,96,547,96,547,0,0,0,0,2,6,72,77,72,267,6,12,8,8,8,8,6,11,13792,1800,1.41,0,14,9,3,2,11,13,0,0,30,25,8,2,0,0,57136,16228597,3,13,2,5,1,963,462,5284,2594,2462,1217,2601,1275,100.2,106.9,110.6,104.2,298.8,15.2,19,3.2,18.2,8.9,8.2,26.7,16.7,16.7,3.3,19.7,15.7,36.6,33.6,0.9,1.5,12.7,66,19.8,11.4,20,49.6,4.9,2.6,1,14.8,13,9.8,2.9,1.3,0.3,14,9.2,6.8,104.1,100.1,91.9,89.7,11.7,10.4,87.6,87.3,86,91.5,92.1,6.3,1.6,93.3,6.4,0.3,93.7,5,1.3,91.4,5.2,3.4,91.1,3.1,5.8,91.2,3.1,5.7,79.4,3.5,17.1,85.7,2.1,12.1,76.1,2.6,21.2,84.2,1.4,14.4,95.1,1.2,3.7,92,0.3,7.7
Koh Kong,139,1061,890,10,28366,13956,821,272,1242,617,208,65,1450,682,76,103,19,13,70,0,4,72,131,139,42.2,20.8,120,10,103,23,79,538,0,0,4,31,0,0,0,0,3552,1663,242,96,3146,1445,177,55,3202,1546,110,35,3052,1457,71,18,2857,1450,33,13,2651,1283,6,1,2215,1083,54,14,1862,953,42,18,1656,844,51,11,1322,692,22,5,1094,610,2,1,1128,627,11,5,3310,2313,18460,3625,2161,1101,5733,1261,1300,772,3544,700,19.6,22,19.8,23,108,763,333,15,0,0,25,113,58,12,0,0,4,1,0,1,0,290,1319,238,1189,52,130,0,0,6,24,282,147,282,890,10,26,30,30,30,30,39,43,12209,5381,1.49,1,35,32,7,8,11,11,2,1,139,71,8,2,2,0,73062,13961017,7,21,3,7,1,2518,1294,14899,7601,7365,3685,7723,3849,94.6,96,99.9,100.7,204.1,8.9,10.4,2.1,9.5,6.4,7.6,50.4,2.9,5.8,0,22.8,19.6,26.7,31.9,1.2,1.6,11.8,65.1,20.2,12.5,14.3,47,3.5,2.6,1,19.6,22,19.8,2.5,1.5,0.6,17.9,18.4,17.8,131.4,121.1,91.9,87.5,30.1,27.8,93.4,97.5,78,82.2,91.5,7.7,0.8,92.8,5.6,1.6,96,3.6,0.4,96.9,2.4,0.7,97.3,1.2,1.5,88.3,0.3,11.5,83.3,2.5,14.2,86.4,2.3,11.3,83.4,3.1,13.5,82.2,1.7,16.1,94.8,0.2,5,71.2,1,27.8
Kratie,356,2727,2221,65,90268,45076,4827,1592,2739,1714,392,136,3131,1850,113,290,41,15,189,0,30,103,329,353,44.7,24,237,80,290,53,236,1698,1,5,24,191,4,18,1,20,12395,5851,1494,583,11192,5203,1084,341,11125,5206,807,260,11062,5432,525,169,10110,5110,351,90,8757,4474,178,59,6554,3412,136,33,5247,2901,82,21,4228,2268,100,15,3078,1653,32,10,2669,1507,11,4,2423,1323,27,7,10901,8642,64641,12849,6418,3878,16029,2527,3046,2118,8170,1109,19.9,15.8,13.6,41,564,1406,681,50,0,8,121,176,69,18,0,3,4,8,8,0,0,745,2947,556,2442,189,505,0,0,23,69,595,405,595,2221,65,67,108,108,108,108,91,79,89914,17226,1.27,10,78,81,27,35,36,47,16,14,351,192,8,2,12,-1,56877,14474421,14,71,4,26,22,9119,4489,53839,26323,25833,12572,26207,12907,103.2,104.5,105.5,103,253.6,7.7,8.8,2.1,8.3,6.2,7.7,53.1,8.4,7.6,0.8,33,28.8,33.1,40.6,1.2,1.3,6.4,71.6,17.8,9.1,12.5,59.1,6.9,2,0.9,19.9,15.8,13.6,4.8,0.8,0.5,19.4,13.4,10.3,119.5,117.4,94.8,95.5,20.7,18.6,75.9,78.5,73.5,75.5,80.9,12,7.1,85.3,9,5.7,85.9,6.6,7.6,88.4,4.8,6.8,87,3.6,9.5,82.9,2.1,15,79.6,2.1,18.3,82.8,1.6,15.6,82.8,2.4,14.8,86.5,1,12.5,94.4,0.4,5.1,80.7,1.1,18.2
Mondul Kiri,110,856,739,2,24724,12625,1097,373,986,514,69,17,1055,531,36,91,8,7,36,0,1,32,101,108,39.9,19.4,66,20,91,10,81,603,0,0,1,6,0,0,0,0,3095,1482,281,111,2872,1334,171,59,2930,1440,151,40,3053,1503,114,31,2587,1336,99,27,2233,1165,57,19,1839,1020,69,21,1559,857,37,17,1199,641,28,11,1094,602,83,33,773,393,4,1,759,453,3,3,2814,2162,16770,2665,1770,983,4597,930,1011,590,2626,538,15.9,20.2,20.5,12,191,562,200,21,0,1,17,22,23,6,0,0,3,1,0,0,0,274,1007,159,737,115,270,0,0,11,57,254,158,254,739,2,30,81,81,81,81,12,13,18562,7405,1.57,2,31,27,6,9,13,10,4,5,110,76,7,2,1,0,70571,15262847,4,22,0,7,3,2388,1168,14182,6959,6738,3311,6287,3031,104.5,103.8,103.5,107.4,224.8,9,9.6,2.5,9.2,6.7,7.8,32.7,0.9,8.2,1.8,25.1,23.4,28.9,33.5,1.2,1.6,7.4,67.8,18.6,10.6,6.5,50.3,5.2,2.9,3.4,15.9,20.2,20.5,3.5,1.9,2.6,14.3,18,17.7,117.8,117.4,90.5,92.8,23.2,20.9,82.4,86.1,83.7,84.7,87.6,9.1,3.2,91.1,5.6,3.3,89.9,4.6,5.5,89.7,4.1,6.2,89.3,4.1,6.6,85.3,2.7,12,81.6,3.7,14.7,85.5,2.7,11.8,83.6,2.3,14.1,82,8.8,9.2,92.8,0.5,6.7,91.3,0.4,8.3
Otdar Meanchey,273,1892,1636,1,55663,27623,2584,900,1672,827,385,98,2057,925,118,221,28,11,88,0,2,105,255,273,42.7,20.5,192,27,221,27,194,1282,0,0,2,24,0,0,0,0,7015,3291,849,350,6219,2876,457,166,6474,3049,410,105,6470,3095,272,76,6221,3038,151,44,5370,2665,166,55,4406,2270,53,20,3379,1735,29,13,2998,1633,138,48,2187,1225,33,12,1819,1044,16,7,1665,954,10,4,6166,5259,37769,4489,4353,2727,10783,1700,2154,1475,5671,730,11.9,15.8,12.9,125,221,716,575,35,0,38,48,164,121,14,0,2,5,4,3,3,0,482,2364,408,2183,70,170,4,11,20,66,346,201,346,1636,1,87,190,190,190,190,54,22,21171,8459,1.46,8,85,77,23,26,34,44,16,17,273,145,7,2,3,0,66324,13397990,36,102,10,31,8,6638,3297,39205,19147,19111,9240,19569,9544,110.4,107.4,106.4,109.6,203.9,6.1,7.5,1.8,8.7,6,6.9,32.2,0.7,6.6,0,33.3,27.1,29.4,34,1.2,1.5,8.4,67.9,19.4,10.2,18.7,45,6.1,2,1,11.9,15.8,12.9,4.4,1.4,0.7,10,13.5,10.9,92.9,89.2,79.2,77.4,14.7,13.3,83.4,86.3,72.9,77.2,84.3,12.4,3.3,89.7,6.8,3.5,89.6,5.9,4.5,90.3,4,5.6,89.6,2.6,7.8,79.8,3.2,17,79.9,1.3,18.9,84.6,0.9,14.6,74.8,4.7,20.6,82.4,1.5,16,88.9,0.9,10.3,85.2,0.6,14.2
Pailin,63,506,476,0,17549,8919,604,218,673,368,114,39,787,407,27,52,5,4,26,0,0,25,51,63,42.9,20.9,56,13,52,8,43,302,0,0,0,0,0,0,0,0,1952,939,204,85,1859,897,103,29,1878,845,104,32,2042,1011,50,17,1901,1015,22,13,1584,803,13,3,1474,733,40,12,1224,687,21,8,1016,537,22,7,817,446,7,3,700,397,11,5,640,368,7,4,1748,1513,11216,1549,1434,836,3714,621,810,502,2157,289,13.8,16.7,13.4,12,29,312,302,17,1,2,9,36,54,12,1,0,0,0,0,0,0,151,852,135,816,16,36,0,0,2,21,121,41,121,476,0,11,61,61,61,61,19,22,13769,4433,1.36,2,15,15,7,2,8,12,4,2,63,34,7,2,0,0,69440,18775946,4,10,2,5,4,1707,807,9877,4824,4778,2368,5211,2524,97.7,97.8,98.3,99.1,278.6,10.7,12.5,2.4,13.5,7.6,8,41.3,0,19,0,26.1,22.3,34.7,36.9,1.1,1.4,8.4,63.9,21.2,12.3,14.5,51.7,4.4,2.2,1.2,13.8,16.7,13.4,3.2,1.4,1,11.4,13.8,10.7,102.4,105.8,88.7,93.9,13.4,11.2,94.8,97.4,83.9,86,84.2,11.3,4.4,93.9,5.5,0.6,94.3,4.9,0.8,93.7,2.5,3.8,94.1,1.3,4.6,82.8,0.9,16.3,83.1,2.8,14.1,86,1.8,12.2,75.9,2.3,21.8,83.1,0.8,16,90.2,1.6,8.3,81.8,1.2,17
Phnom Penh,254,4755,4028,71,251484,123467,6891,2507,8565,4958,1290,528,9855,5486,153,166,25,42,150,0,48,132,228,252,51.3,31.3,215,55,166,40,122,1790,0,0,44,522,4,40,0,0,23843,11009,1364,483,22499,10563,887,308,24026,11382,689,221,25909,12413,636,231,26365,12864,392,141,22046,10923,243,78,20453,9929,648,254,19118,9790,465,180,17589,8836,799,302,14626,7389,247,83,15348,8181,145,53,16154,8493,376,173,22479,19826,144688,12218,19805,11963,57160,10077,14379,8640,46128,7626,8.4,17.6,16.5,293,1013,2725,3787,739,9,39,158,384,1832,183,2,11,0,11,23,4,0,917,5945,909,5930,8,15,0,0,70,75,918,629,918,4028,71,341,112,112,112,112,76,81,11612,5910,0.85,18,54,49,50,30,27,35,26,22,252,136,8,2,13,7,38228,35493251,42,59,3,7,28,38107,18673,220356,107692,103557,50728,99263,48368,104.1,104.6,104.1,105.2,990.1,33.7,38.8,3.6,23.4,15.9,18.7,59.1,18.9,10.2,0.8,29.4,25.5,52.9,62.4,1.2,0.9,5.1,57.5,22.7,18.3,13.1,55.7,2.9,3.3,1.7,8.4,17.6,16.5,2.1,2.6,1.3,7.1,15.1,14.5,59,56.4,52,51,11.8,9.5,96.2,96.3,83.2,85.5,90.4,5.7,3.8,95.4,3.6,1,96.4,2.6,0.9,97.4,2.4,0.2,96.4,1.7,1.9,86.4,1.2,12.4,88.4,3.1,8.6,95.6,2.6,1.7,75.3,4.6,20,93.1,1.5,5.4,98.7,0.9,0.4,72.1,2.4,25.4
Preah Sihanouk,104,1146,1085,24,52084,25741,963,375,1612,838,290,92,1902,930,59,71,18,12,56,0,5,56,95,104,46.9,25.8,92,16,71,16,55,566,0,0,3,34,2,12,0,0,5910,2836,268,124,5662,2592,219,80,5799,2666,113,35,6129,3025,104,37,6016,2952,64,22,4919,2452,32,10,4151,2102,49,19,3354,1782,32,14,2860,1451,42,21,2182,1145,22,8,2157,1205,6,1,2005,1065,12,4,5642,4646,34435,5634,4102,2208,10365,1996,2160,1379,6344,772,16.4,19.3,12.2,48,199,719,586,60,0,4,34,120,117,15,0,0,0,4,1,0,0,255,1709,248,1695,7,14,0,0,28,9,245,121,245,1085,24,185,19,19,19,19,34,25,29100,14286,1.06,2,27,26,13,16,11,14,8,8,102,57,9,2,0,0,48565,24045579,10,52,3,9,5,5286,2506,29306,14117,13853,6804,14671,7271,110.9,107.6,103.6,101.8,500.8,15.5,18.3,2.5,16.4,10.4,11,53.8,4.8,8.7,0,32.3,27.4,45.4,48,1.1,1.1,8.3,66.1,19.9,12.2,15.2,48.9,2.3,1.2,0.6,16.4,19.3,12.2,1.9,1,0.4,14.9,16,9.3,106.7,108.2,87.9,91.5,17.7,15.4,92.5,93.7,81.5,82.3,94.7,4.7,0.7,95.3,3.8,0.9,96,1.8,2.2,96.1,1.7,2.2,98.3,1.3,0.4,91.2,0.7,8.1,84.3,1.2,14.5,87.8,1,11.2,77.5,1.6,20.9,86.7,0.9,12.4,90.8,0.3,8.9,86,0.6,13.3
Preah Vihear,310,2024,1946,0,60858,31084,3777,1281,2177,1161,366,107,2543,1268,123,230,47,20,35,0,0,110,292,279,41.1,19.7,221,52,230,35,195,1276,0,0,0,0,0,0,0,0,8196,3746,1367,499,7463,3582,792,282,7321,3473,642,194,7116,3529,337,103,6339,3230,226,65,5280,2826,162,56,4488,2436,84,33,3511,2004,59,15,3136,1730,48,14,2393,1395,20,6,1978,1110,7,0,1894,1115,33,14,6829,5787,41715,5026,4404,2443,11135,2205,2373,1368,6265,1107,12,19.8,17.7,73,291,1069,688,56,0,43,71,109,120,23,0,0,2,7,4,2,0,622,2654,425,2218,193,427,4,9,33,117,399,267,399,1946,0,96,215,215,215,215,57,55,29495,6226,1.63,8,69,59,16,16,29,32,14,11,309,182,9,4,9,0,93740,18012857,12,84,7,28,6,6968,3442,37420,18369,16493,8024,16819,8066,102.4,103.7,105.5,108.5,196.3,7,8.2,2,8.6,6.3,6.5,11.3,0,5.8,10,28,23.9,30.1,31.3,1,1.7,8.7,68.5,18.3,10.3,14.4,49.9,8.5,1.7,1,12,19.8,17.7,5.9,1,0.6,10.6,16.3,14.8,98,94.3,83.1,82.4,15.3,12.7,86,89.3,77,80.3,80.3,16.5,3.2,85.5,10.1,4.4,86.3,8.2,5.5,88.1,4.9,7.1,90,4,6,86.7,3.2,10.1,80.2,2,17.9,86.2,1.6,12.2,85.2,1.6,13.3,82.7,0.8,16.5,90.4,0.3,9.2,89.6,1.9,8.6
Prey Veng,710,6093,6005,105,230244,114209,8967,2839,5808,2823,1983,533,7791,3356,429,552,92,33,303,0,148,396,686,676,49.3,28.8,476,98,552,105,442,3363,4,14,129,1002,14,93,1,31,23930,11155,2203,775,23265,11031,1685,564,24568,11483,1330,399,25371,12014,1110,314,23801,11341,1029,256,22054,10892,628,190,18766,9534,276,84,16655,8736,171,52,14927,7865,255,90,12115,6549,101,34,10442,5900,63,30,9683,5403,116,51,21727,20420,142989,8340,18490,12763,50348,6377,12014,8525,32240,3617,5.8,12.7,11.2,131,1027,1537,2875,235,3,65,438,495,855,125,5,1,2,14,77,17,0,1882,8315,1823,8139,57,172,2,4,102,333,1566,938,1566,6005,105,398,522,522,522,522,219,228,9226,3576,1.26,26,132,138,35,52,81,99,27,42,706,352,9,2,9,3,49990,16176569,73,305,17,32,134,23605,11512,139058,67832,69252,33686,77186,37764,105,105,105.6,104.4,324.3,8.2,11,2.7,11.7,8.5,8.6,42.7,20.8,3.4,4.8,39.6,29.6,37.8,38.3,1,1.4,9.4,62.1,21.9,14,25.5,43.1,5.6,1.4,0.9,5.8,12.7,11.2,3.7,0.9,0.6,5,10.5,9.8,92,90.2,86.5,85.4,6,5.2,84.9,89.7,77.5,80.9,87.9,9,3.2,90.2,6.5,3.3,91.1,5,3.9,90.4,4.4,5.2,90.3,4.3,5.3,86.6,2.9,10.6,87.5,1.5,11,86.5,1,12.5,76.7,1.6,21.7,85.2,0.8,14,92.2,0.6,7.2,83.7,1.3,15
Pursat,394,2971,2632,20,110577,55230,5184,1681,3100,1625,723,202,3823,1827,191,308,46,17,199,11,4,168,345,388,45.9,25,303,64,308,52,256,1670,0,0,4,30,0,0,0,0,12851,6314,1385,487,12300,5678,1058,324,12484,5850,849,260,12799,6097,659,188,12048,5953,405,132,10460,5175,465,159,8596,4495,83,37,7015,3787,47,16,5989,3140,126,36,4784,2675,49,12,3983,2242,16,8,3587,2048,42,22,11466,9959,72942,16954,8513,4987,21600,3814,4735,3047,12354,1810,23.2,17.7,14.7,94,483,1294,1091,136,2,18,134,283,235,52,1,0,2,1,5,0,0,876,3668,733,3328,139,333,4,7,48,120,637,380,637,2632,20,164,148,148,148,148,82,56,22234,10716,1.18,20,100,88,26,35,35,43,16,12,392,260,7,2,5,2,55845,14993687,37,132,17,52,81,10205,4945,58405,28469,27864,13592,29947,14642,106.4,105.2,105,104.5,280.7,7.9,9.7,2.2,9.3,6.7,7.5,50.5,1,12.4,1.5,35.7,28.9,37.2,42,1.1,1.3,9.5,66,19.5,11.2,18.9,47.8,6.6,1.2,0.9,23.2,17.7,14.7,4.4,0.8,0.6,21.7,15.3,13.1,112.3,117.9,97.7,103.1,13.1,12.8,88,89.2,80.7,84,87.8,10.8,1.4,90.4,8.2,1.4,90.2,6.3,3.5,91.7,5.2,3.1,91.7,3.7,4.5,92.3,4.8,2.9,81.2,1,17.8,84.3,0.7,15,85.2,2.1,12.6,83.3,1,15.7,92.6,0.4,7,84.4,1.2,14.5
Ratanak Kiri,272,1808,1455,15,54497,26846,2206,809,1460,713,174,61,1634,774,76,233,23,12,106,0,6,72,261,228,38.3,17,208,38,233,35,193,1138,0,0,5,19,1,9,0,0,7072,3252,617,261,6283,2934,369,131,6313,2901,389,131,6281,3074,294,96,5687,2732,154,50,5203,2596,118,42,4171,2119,51,18,3471,1762,49,14,3128,1665,105,35,2422,1367,27,16,2022,1126,14,6,1724,965,19,9,6455,4487,36839,6306,4120,1776,10770,3413,2395,1063,6168,1815,17.1,31.7,29.4,46,193,827,342,52,0,12,16,75,55,15,1,0,4,7,26,0,0,540,2377,325,1871,212,499,3,7,39,81,420,293,420,1455,15,128,152,152,152,152,28,24,14973,4176,1.45,4,52,58,13,20,24,46,12,13,272,137,7,2,12,0,70940,14185026,11,24,1,23,2,4895,2423,30872,15122,16234,7906,16487,8128,102,104.1,105.3,102.9,200.4,5.4,6,2,8.7,5.3,6.6,39,2.2,4,16.2,37.3,33.4,30.1,37.5,1.2,1.5,6.5,67.6,19.8,11.3,10.6,47.4,5.3,1.9,1,17.1,31.7,29.4,4.1,1.2,0.9,15.4,28.7,25.6,131.9,123.4,91.7,89.7,30.5,27.3,78.2,82.9,78.5,82.5,83.3,8.7,8,90,5.6,4.3,87.7,5.7,6.6,87.1,4.6,8.3,89.3,2.7,8,82,2.2,15.8,83.4,1.2,15.4,84.5,1.4,14.2,72.5,3.4,24,85.3,1.1,13.5,89.1,0.7,10.1,85.4,1.2,13.4
Siemreap,693,6423,5941,62,259234,131935,12938,4172,6423,4082,1755,706,8178,4788,476,525,78,47,335,3,22,433,656,662,43.9,22.5,533,178,525,86,436,3537,1,4,19,178,1,19,1,12,29226,13672,3350,1218,27747,12942,2400,775,28241,13292,1873,567,28065,13590,1190,310,27834,13740,880,225,23596,12214,599,157,20577,10838,795,234,17375,9453,550,189,14584,8091,555,176,12222,7139,333,142,10975,6619,172,61,9947,6020,241,118,25876,22605,164709,31914,19782,12746,52536,8312,11889,7770,33144,4915,19.4,15.8,14.8,148,579,2522,2838,336,1,61,218,683,638,153,2,4,21,47,75,11,0,2060,8137,1864,7697,187,425,9,15,97,189,1490,783,1490,5941,62,346,208,208,208,208,200,223,32486,4518,1.04,32,136,141,68,59,54,66,28,28,689,379,9,3,21,62,52667,18254732,99,269,40,125,39,23634,11537,135034,66206,65402,32132,71897,35186,104.9,104,103.5,104.3,374.1,9.3,11.8,3,11.7,8.6,9.3,48.3,3.2,5.3,4.5,40.4,31.7,40.4,43.6,1.1,1.1,13,63.5,20.3,12.8,21.5,58.5,6.2,3.6,2.3,19.4,15.8,14.8,4.1,2.1,1.6,18.2,12.9,12.7,109.5,107.9,95.6,95.5,12.6,11.5,87,92.2,80.2,84.8,86.5,11.4,2,89.3,8.1,2.5,90.9,6.3,2.8,92.7,4.1,3.2,91.5,3.5,5,83.4,2.6,14,81.7,3.9,14.5,82.7,3.2,14,78.5,3.7,17.8,84.8,2.6,12.6,88.5,1.6,10,83.3,2.4,14.2
Stung Treng,216,1804,1199,0,41950,20963,2744,994,1426,795,249,90,1675,885,56,168,32,11,106,0,1,51,199,215,40,18.7,144,49,168,23,142,1340,0,0,1,6,0,0,0,0,5997,2771,982,394,5161,2395,630,231,5290,2541,419,155,5061,2506,237,68,4524,2258,175,55,3958,2026,128,34,3019,1572,57,17,2288,1249,33,11,2121,1140,56,18,1452,758,8,1,1221,720,13,7,1192,672,6,3,5015,3322,29991,5789,2962,1614,7428,1843,1444,698,3865,845,19.3,24.8,21.9,58,197,818,343,10,0,17,50,124,52,6,0,1,11,16,0,0,0,381,1536,245,1151,135,383,1,2,49,90,237,158,237,1199,0,165,155,155,155,155,39,31,18130,8556,1.51,3,55,71,11,13,23,46,10,10,214,94,7,2,11,0,78714,15225164,10,46,6,16,9,4468,2192,25013,12241,11173,5499,10772,5332,103.8,104.3,103.2,102,194.2,6.6,7.8,1.8,7.1,5.6,8.4,49.1,0.5,7.9,0.5,29.4,25,23.3,35,1.5,1.6,5.4,71.5,17.7,9.2,14.9,52.8,8.6,2,0.7,19.3,24.8,21.9,6.5,1.2,0.5,18.3,21.1,19.7,111.9,108,73.6,76.4,33.8,29.1,81.5,83.7,69.2,71.7,81.8,17.7,0.5,88.4,11.4,0.1,87.7,7.6,4.7,91.8,5,3.1,90.2,4.1,5.7,78.7,3.5,17.8,78.4,2,19.7,92.2,1.5,6.3,69.5,2.7,27.8,96.6,0.6,2.7,92.4,1,6.6,88.9,0.6,10.6
Svay Rieng,344,3025,3075,17,122012,60499,3564,1040,3613,1468,997,234,4610,1702,183,262,52,22,156,0,61,175,328,342,49.5,29.3,288,36,262,39,220,1671,0,0,58,417,3,19,0,0,13432,6181,1020,341,12561,6007,597,176,12719,5964,510,135,13397,6509,383,104,13205,6354,317,78,11990,5991,200,57,10589,5422,176,43,8792,4504,90,15,7616,3946,185,57,5925,3164,46,18,5370,2964,13,2,4796,2713,27,14,12412,11253,77304,12124,10413,7643,26997,2839,5879,4620,16091,1421,15.7,10.5,8.8,60,354,1562,1543,94,0,17,135,462,346,37,0,0,1,6,32,0,0,1015,4454,985,4363,27,82,3,9,41,117,964,593,964,3075,17,152,163,163,163,163,99,82,32622,9768,1.23,6,99,85,34,52,39,64,28,35,344,200,11,2,6,1,56028,19059202,44,175,7,12,134,11871,5829,66724,32701,30909,15126,32624,16145,103.6,104,104.3,102.1,354.7,10.5,13.4,3,12.9,8.9,8.8,45.3,17.7,4.7,0.6,33.8,26.5,40.3,39.7,1,1.3,9.5,63.4,22.1,13.2,21.6,36.9,3.9,1.7,0.5,15.7,10.5,8.8,2.4,0.8,0.4,16.1,8.6,7.8,104.6,100.2,94.8,90.9,9.3,9.3,91.7,93.8,77.1,81.5,89.4,8.2,2.4,94.8,4.6,0.6,95.4,3.7,0.9,96,2.9,1.1,95.8,2.6,1.6,92.8,1.8,5.5,86,1.7,12.2,85.1,1,13.9,82,2.4,15.6,83.4,0.7,15.9,91.3,0.2,8.4,80.5,0.6,18.9
Takeo,513,5110,5348,74,194388,96382,7009,2226,6031,2601,1958,463,7989,3064,310,382,66,54,111,0,125,299,474,511,50.5,29.6,413,42,382,72,306,2636,0,0,107,927,16,84,2,44,20430,9645,1599,565,19894,9449,1245,361,20522,9737,1023,340,20685,9947,759,225,19619,9467,541,161,17968,8916,343,92,16381,8153,456,125,14327,7290,293,83,12948,6653,406,128,10836,5831,149,51,10082,5578,88,37,9175,4986,107,58,18831,17757,119118,16354,15925,10624,43656,5923,10687,7893,30093,3885,13.7,13.6,12.9,104,610,2382,2742,185,8,51,259,821,747,71,9,0,3,12,47,7,0,1774,8112,1738,8018,32,92,4,2,103,147,1862,1139,1862,5348,74,451,232,232,232,232,143,145,67246,14449,1.48,8,121,116,35,78,84,94,29,66,513,265,10,2,11,0,61825,22930080,33,102,16,16,30,18474,8996,102262,50068,49670,24307,55283,26891,105.3,104.2,104.3,105.6,378.9,11.8,15.6,3.5,15.8,10.4,10,21.6,24.4,7.6,0.4,32.2,24.3,38,36.3,1,1.6,8.1,61.3,22.5,15.5,24.5,38.4,4.6,2.6,1.1,13.7,13.6,12.9,3.1,1.5,0.9,13.1,10.7,10.8,101.9,100.9,96.1,96.1,5.7,4.8,94.4,96.4,79.2,83.7,91.6,8,0.4,93.5,6,0.6,94,4.8,1.1,94.1,3.7,2.1,94.7,2.9,2.4,90.1,2,7.8,87,2.8,10.2,89.3,2.1,8.7,82.4,3,14.5,88.2,1.3,10.5,91.1,0.9,8,87.2,1.2,11.6
Tbaung Khmum,528,4269,3946,68,160769,80929,8329,2871,3860,2228,1131,378,4991,2606,263,407,51,29,250,0,51,222,493,528,45.5,23.9,406,100,407,55,341,2495,0,0,46,326,3,17,2,29,18435,8612,2066,805,17447,8189,1529,520,17847,8515,1310,445,18142,8872,879,267,17205,8568,602,201,15412,7620,464,136,13132,6610,621,186,10593,5763,272,82,8917,4866,352,119,6387,3681,100,35,5643,3369,39,14,5406,3115,95,61,16369,14561,104488,8739,12511,8067,32642,4631,6287,4492,17436,2055,8.4,14.2,11.8,75,465,1489,1744,85,2,40,177,406,445,63,0,1,22,44,88,2,1,1147,5462,1100,5359,44,97,3,6,74,126,975,608,975,3946,68,309,278,278,278,278,115,94,112912,6899,1.2,28,67,56,28,28,21,26,18,16,523,246,6,2,0,0,50698,15221165,16,70,2,15,11,16655,8126,100689,49369,50745,24905,54395,26631,105,104,103.8,104.3,304.5,7.3,9.5,2.2,10.3,7.5,8.1,47.3,9.7,6.6,0,41.7,32.2,37.7,40.7,1.1,1.3,10.5,65,20.3,10.8,22.7,52.2,6.6,3.8,1.3,8.4,14.2,11.8,4.7,2.2,1.1,6.7,12.1,9.9,98.3,96.1,87.4,87,11,9.4,80.7,83.6,72.5,77.9,82.7,10.7,6.5,87,8,4.9,88,6.7,5.3,90.1,4.8,5.2,88,3.5,8.4,85.2,3,11.8,78.5,4.7,16.8,83.5,2.7,13.9,77.9,4.1,18.1,83.8,1.5,14.7,93.8,0.7,5.5,81.4,1.8,16.8
Nationwide,9565,84425,76801,1108,3207323,1603450,134902,44698,93257,50599,21917,6720,115174,57319,4767,7321,1240,591,4329,21,1075,4354,8848,9347,46.5,25.5,7330,1587,7321,1313,5945,46189,23,80,920,8019,116,660,16,286,361051,168405,35488,12935,344774,161911,24907,8363,352380,166374,20047,6257,358907,173597,14365,4286,342032,168118,10206,2966,303554,152506,7243,2233,259640,132290,7022,2109,218417,115952,4367,1416,188948,100136,5778,1918,150182,82623,2436,889,134676,76668,1178,425,126930,72181,1865,901,325563,282794,2062698,315787,252618,160569,667005,102457,147746,99808,411788,55279,15.3,15.4,13.4,2369,12120,35395,39460,3843,76,732,3536,7477,9765,1679,35,38,168,338,734,70,1,24461,110333,22123,104256,2287,5975,51,102,1320,2712,21046,13028,21046,76801,1108,5210,4702,4702,4702,4702,2357,2247,575813,7858,1.21,315,2292,2316,789,965,999,1316,490,546,9522,5432,8,2,164,103,54241,17644451,814,2724,300,715,929,327411,159938,1895006,926713,921670,450556,979421,478342,104.7,104.5,104.6,104.8,335.3,9.7,12,2.6,11.5,8,8.8,45.3,11.2,7.5,2.3,34.4,27.8,38,41.8,1.1,1.3,8.7,64.3,20.8,12.8,19,49.8,5.4,2.6,1.3,15.3,15.4,13.4,3.7,1.6,1,14.4,12.7,11.5,99.4,97.2,86.4,85.9,13.1,11.7,87.2,90.2,78,81.5,87.7,9.7,2.6,90.7,6.8,2.5,91.4,5.3,3.3,92.4,4,3.6,92.2,3.2,4.7,87.2,2.5,10.3,83,2.7,14.3,85.8,2,12.2,78.5,3,18.5,85.5,1.6,12.9,92,0.9,7.2,82,1.5,16.5
-  Urban Area,1152,15047,14019,224,700743,348926,23812,8268,23389,13583,4406,1811,27795,15394,608,794,143,135,546,0,146,528,1041,1139,49.1,28.4,955,275,794,172,617,6375,4,16,125,1344,16,123,1,14,68373,31833,5503,2023,65389,30650,3654,1238,67747,31971,2897,874,71285,34438,2279,732,71124,34744,1373,422,60573,30049,972,306,56650,28159,1711,581,50394,26113,1199,437,45714,23519,1889,677,42805,22747,981,383,41814,23143,429,163,41066,22663,925,432,62870,54728,404491,57085,54939,33798,152758,26079,41824,27836,125685,17578,14.1,17.1,14,561,2599,8231,10336,1650,13,133,609,1435,2996,533,8,13,15,46,76,14,0,3714,20796,3527,20262,186,532,1,2,215,390,3317,2157,3317,14019,224,1090,818,818,818,818,344,342,15704,6725,1.04,65,289,274,180,140,149,176,112,91,1146,673,8,2,46,76,46089,26400733,131,291,32,55,112,,,,,,,,,,,,,608.3,20.3,24.1,3.2,18.1,12.2,13.1,47.4,12.7,9.6,1.1,30,25.2,46.6,50,1.1,1.1,7.4,57.7,21.8,17.9,15.9,55.4,,,,,,,,,,,,,,,,,,,,,,,,,,,,,,,,,,,,,,,,,,,,,,,,,,,,,,,,,,
-  Rural Area,8413,69378,62782,884,2506580,1254524,111090,36430,69868,37016,17511,4909,87379,41925,4159,6527,1097,456,3783,21,929,3826,7807,8208,46.1,25.1,6375,1312,6527,1141,5328,39814,19,64,795,6675,100,537,15,272,292678,136572,29985,10912,279385,131261,21253,7125,284633,134403,17150,5383,287622,139159,12086,3554,270908,133374,8833,2544,242981,122457,6271,1927,202990,104131,5311,1528,168023,89839,3168,979,143234,76617,3889,1241,107377,59876,1455,506,92862,53525,749,262,85864,49518,940,469,262693,228066,1658207,258702,197679,126771,514247,76378,105922,71972,286103,37701,15.6,14.9,13.2,1808,9521,27164,29124,2193,63,599,2927,6042,6769,1146,27,25,153,292,658,56,1,20747,89537,18596,83994,2101,5443,50,100,1105,2322,17729,10871,17729,62782,884,4120,3884,3884,3884,3884,2013,1905,651103,8011,1.25,250,2003,2042,609,825,850,1140,378,455,8376,4759,8,2,118,27,56373,16475566,683,2433,268,660,817,,,,,,,,,,,,,297.9,8.3,10.4,2.5,10.6,7.5,8.2,45,11,7.2,2.4,35.9,28.7,36.1,39.9,1.1,1.3,9.1,66.2,20.5,11.4,20,48,,,,,,,,,,,,,,,,,,,,,,,,,,,,,,,,,,,,,,,,,,,,,,,,,,,,,,,,,,
- Urban Area,,,,,,,,,,,,,,,,,,,,,,,,,,,,,,,,,,,,,,,,,,,,,,,,,,,,,,,,,,,,,,,,,,,,,,,,,,,,,,,,,,,,,,,,,,,,,,,,,,,,,,,,,,,,,,,,,,,,,,,,,,,,,,,,,,,,,,,,,,,,,,,,,,,,,,,,,,,,,,,,,,,,,,,,,75454,36769,432736,211482,205717,100844,206534,100782,105.1,104.6,104.2,105.2,,,,,,,,,,,,,,,,,,,,,,,,4.1,3.1,1.9,14.1,17.1,14,2.9,2.2,1.4,12.9,14.2,11.9,74.1,72.1,64.5,64.2,13,11.1,97.4,98.8,93.5,98.3,90.3,8,1.7,93.2,5.3,1.5,94.1,3.9,2,95.3,3.1,1.5,95,2.2,2.8,89,1.7,9.3,86.4,3,10.6,92.1,2.5,5.4,78.1,4.2,17.7,89.5,2.1,8.4,94.5,1,4.5,76.1,2.3,21.6
- Rural Area,,,,,,,,,,,,,,,,,,,,,,,,,,,,,,,,,,,,,,,,,,,,,,,,,,,,,,,,,,,,,,,,,,,,,,,,,,,,,,,,,,,,,,,,,,,,,,,,,,,,,,,,,,,,,,,,,,,,,,,,,,,,,,,,,,,,,,,,,,,,,,,,,,,,,,,,,,,,,,,,,,,,,,,,,290064,141843,1682626,822924,819510,400440,872149,425928,104.6,104.4,104.7,104.6,,,,,,,,,,,,,,,,,,,,,,,,5.8,2.4,1.1,15.6,14.9,13.2,3.9,1.4,0.8,14.7,12.3,11.3,92.9,90.9,80.7,80.2,13.2,11.8,84.7,88.2,73.2,76.6,87.1,10.1,2.8,90.1,7.2,2.7,90.8,5.6,3.6,91.6,4.2,4.1,91.5,3.4,5.1,86.7,2.7,10.6,82,2.6,15.3,83.9,1.9,14.1,78.6,2.7,18.7,83.9,1.3,14.8,90.8,0.8,8.4,84.9,1.2,14
